# Pinned C source builtInCmds compileProc inventory. ABSENT may be supplied as an ensemble; it is not proof of no hook.
# command	8.4.20	8.5.19	8.6.18	9.0.4	9.1.0
after	NULL	NULL	NULL	NULL	NULL
append	TclCompileAppendCmd	TclCompileAppendCmd	TclCompileAppendCmd	TclCompileAppendCmd	TclCompileAppendCmd
apply	ABSENT	NULL	NULL	NULL	NULL
array	NULL	NULL	ABSENT	ABSENT	ABSENT
binary	NULL	NULL	ABSENT	ABSENT	ABSENT
break	TclCompileBreakCmd	TclCompileBreakCmd	TclCompileBreakCmd	TclCompileBreakCmd	TclCompileBreakCmd
case	NULL	NULL	NULL	ABSENT	ABSENT
catch	TclCompileCatchCmd	TclCompileCatchCmd	TclCompileCatchCmd	TclCompileCatchCmd	TclCompileCatchCmd
cd	NULL	NULL	NULL	NULL	NULL
clock	NULL	ABSENT	ABSENT	ABSENT	ABSENT
close	NULL	NULL	NULL	NULL	NULL
concat	NULL	NULL	TclCompileConcatCmd	TclCompileConcatCmd	TclCompileConcatCmd
const	ABSENT	ABSENT	ABSENT	TclCompileConstCmd	TclCompileConstCmd
continue	TclCompileContinueCmd	TclCompileContinueCmd	TclCompileContinueCmd	TclCompileContinueCmd	TclCompileContinueCmd
coroinject	ABSENT	ABSENT	ABSENT	NULL	NULL
coroprobe	ABSENT	ABSENT	ABSENT	NULL	NULL
coroutine	ABSENT	ABSENT	NULL	NULL	NULL
divmod	ABSENT	ABSENT	ABSENT	ABSENT	NULL
encoding	NULL	NULL	ABSENT	ABSENT	ABSENT
eof	NULL	NULL	NULL	NULL	NULL
error	NULL	NULL	TclCompileErrorCmd	TclCompileErrorCmd	TclCompileErrorCmd
eval	NULL	NULL	NULL	NULL	NULL
exec	NULL	NULL	NULL	NULL	NULL
exit	NULL	NULL	NULL	NULL	NULL
expr	TclCompileExprCmd	TclCompileExprCmd	TclCompileExprCmd	TclCompileExprCmd	TclCompileExprCmd
fblocked	NULL	NULL	NULL	NULL	NULL
fconfigure	NULL	NULL	NULL	NULL	NULL
fcopy	NULL	NULL	NULL	NULL	NULL
file	NULL	NULL	ABSENT	ABSENT	ABSENT
fileevent	NULL	NULL	NULL	NULL	NULL
flush	NULL	NULL	NULL	NULL	NULL
for	TclCompileForCmd	TclCompileForCmd	TclCompileForCmd	TclCompileForCmd	TclCompileForCmd
foreach	TclCompileForeachCmd	TclCompileForeachCmd	TclCompileForeachCmd	TclCompileForeachCmd	TclCompileForeachCmd
format	NULL	NULL	TclCompileFormatCmd	TclCompileFormatCmd	TclCompileFormatCmd
fpclassify	ABSENT	ABSENT	ABSENT	NULL	NULL
frexp	ABSENT	ABSENT	ABSENT	ABSENT	NULL
gets	NULL	NULL	NULL	NULL	NULL
glob	NULL	NULL	NULL	NULL	NULL
global	NULL	TclCompileGlobalCmd	TclCompileGlobalCmd	TclCompileGlobalCmd	TclCompileGlobalCmd
if	TclCompileIfCmd	TclCompileIfCmd	TclCompileIfCmd	TclCompileIfCmd	TclCompileIfCmd
incr	TclCompileIncrCmd	TclCompileIncrCmd	TclCompileIncrCmd	TclCompileIncrCmd	TclCompileIncrCmd
info	NULL	ABSENT	ABSENT	ABSENT	ABSENT
join	NULL	NULL	NULL	NULL	NULL
lappend	TclCompileLappendCmd	TclCompileLappendCmd	TclCompileLappendCmd	TclCompileLappendCmd	TclCompileLappendCmd
lassign	ABSENT	TclCompileLassignCmd	TclCompileLassignCmd	TclCompileLassignCmd	TclCompileLassignCmd
ledit	ABSENT	ABSENT	ABSENT	NULL	TclCompileLeditCmd
lfilter	ABSENT	ABSENT	ABSENT	ABSENT	TclCompileLfilterCmd
lindex	TclCompileLindexCmd	TclCompileLindexCmd	TclCompileLindexCmd	TclCompileLindexCmd	TclCompileLindexCmd
linsert	NULL	NULL	TclCompileLinsertCmd	TclCompileLinsertCmd	TclCompileLinsertCmd
list	TclCompileListCmd	TclCompileListCmd	TclCompileListCmd	TclCompileListCmd	TclCompileListCmd
llength	TclCompileLlengthCmd	TclCompileLlengthCmd	TclCompileLlengthCmd	TclCompileLlengthCmd	TclCompileLlengthCmd
lmap	ABSENT	ABSENT	TclCompileLmapCmd	TclCompileLmapCmd	TclCompileLmapCmd
load	NULL	NULL	NULL	NULL	NULL
lpop	ABSENT	ABSENT	ABSENT	NULL	TclCompileLpopCmd
lrange	NULL	NULL	TclCompileLrangeCmd	TclCompileLrangeCmd	TclCompileLrangeCmd
lremove	ABSENT	ABSENT	ABSENT	NULL	NULL
lrepeat	ABSENT	NULL	NULL	NULL	NULL
lreplace	NULL	NULL	TclCompileLreplaceCmd	TclCompileLreplaceCmd	TclCompileLreplaceCmd
lreverse	ABSENT	NULL	NULL	NULL	NULL
lsearch	NULL	NULL	NULL	NULL	NULL
lseq	ABSENT	ABSENT	ABSENT	NULL	TclCompileLseqCmd
lset	TclCompileLsetCmd	TclCompileLsetCmd	TclCompileLsetCmd	TclCompileLsetCmd	TclCompileLsetCmd
lsort	NULL	NULL	NULL	NULL	NULL
modf	ABSENT	ABSENT	ABSENT	ABSENT	NULL
namespace	NULL	TclCompileNamespaceCmd	ABSENT	ABSENT	ABSENT
open	NULL	NULL	NULL	NULL	NULL
package	NULL	NULL	NULL	NULL	NULL
pid	NULL	NULL	NULL	NULL	NULL
proc	NULL	NULL	NULL	NULL	NULL
puts	NULL	NULL	NULL	NULL	NULL
pwd	NULL	NULL	NULL	NULL	NULL
read	NULL	NULL	NULL	NULL	NULL
regexp	TclCompileRegexpCmd	TclCompileRegexpCmd	TclCompileRegexpCmd	TclCompileRegexpCmd	TclCompileRegexpCmd
regsub	NULL	NULL	TclCompileRegsubCmd	TclCompileRegsubCmd	TclCompileRegsubCmd
remquo	ABSENT	ABSENT	ABSENT	ABSENT	NULL
rename	NULL	NULL	NULL	NULL	NULL
return	TclCompileReturnCmd	TclCompileReturnCmd	TclCompileReturnCmd	TclCompileReturnCmd	TclCompileReturnCmd
scan	NULL	NULL	NULL	NULL	NULL
seek	NULL	NULL	NULL	NULL	NULL
set	TclCompileSetCmd	TclCompileSetCmd	TclCompileSetCmd	TclCompileSetCmd	TclCompileSetCmd
socket	NULL	NULL	NULL	NULL	NULL
source	NULL	NULL	NULL	NULL	NULL
split	NULL	NULL	NULL	NULL	NULL
string	TclCompileStringCmd	ABSENT	ABSENT	ABSENT	ABSENT
subst	NULL	NULL	TclCompileSubstCmd	TclCompileSubstCmd	TclCompileSubstCmd
switch	NULL	TclCompileSwitchCmd	TclCompileSwitchCmd	TclCompileSwitchCmd	TclCompileSwitchCmd
tailcall	ABSENT	ABSENT	TclCompileTailcallCmd	TclCompileTailcallCmd	TclCompileTailcallCmd
tell	NULL	NULL	NULL	NULL	NULL
throw	ABSENT	ABSENT	TclCompileThrowCmd	TclCompileThrowCmd	TclCompileThrowCmd
time	NULL	NULL	NULL	NULL	NULL
timerate	ABSENT	ABSENT	NULL	NULL	NULL
trace	NULL	NULL	NULL	NULL	NULL
try	ABSENT	ABSENT	TclCompileTryCmd	TclCompileTryCmd	TclCompileTryCmd
unload	ABSENT	NULL	NULL	NULL	NULL
unset	NULL	NULL	TclCompileUnsetCmd	TclCompileUnsetCmd	TclCompileUnsetCmd
update	NULL	NULL	NULL	NULL	NULL
uplevel	NULL	NULL	NULL	NULL	TclCompileUplevelCmd
upvar	NULL	TclCompileUpvarCmd	TclCompileUpvarCmd	TclCompileUpvarCmd	TclCompileUpvarCmd
variable	NULL	TclCompileVariableCmd	TclCompileVariableCmd	TclCompileVariableCmd	TclCompileVariableCmd
vwait	NULL	NULL	NULL	NULL	NULL
while	TclCompileWhileCmd	TclCompileWhileCmd	TclCompileWhileCmd	TclCompileWhileCmd	TclCompileWhileCmd
yield	ABSENT	ABSENT	TclCompileYieldCmd	TclCompileYieldCmd	TclCompileYieldCmd
yieldto	ABSENT	ABSENT	TclCompileYieldToCmd	TclCompileYieldToCmd	TclCompileYieldToCmd
