command,subcommand,total,value_position,statement_position,repo_breadth,dominant_arity,dominant_arity_count,all_args_literal,some_args_substituted,in_registry
set,,101221,606,100615,21,2,100922,29328,71893,true
if,,50068,8,50060,21,2,36819,49961,107,true
return,,27889,1,27888,21,1,19058,14098,13791,true
proc,,20743,0,20743,21,3,20732,20593,150,true
list,,15126,14981,145,20,2,5073,5236,9890,true
variable,,14940,1,14939,20,1,11287,13106,1834,true
expr,,13036,12784,252,20,1,12140,11901,1135,true
lappend,,12102,14,12088,20,2,9334,3631,8471,true
foreach,,11302,1,11301,20,3,10891,1234,10068,true
puts,,10144,1,10143,19,2,5359,1758,8386,true
lindex,,8464,8420,44,20,2,8265,2,8462,true
incr,,6202,578,5624,21,1,4524,5402,800,true
file,join,4154,4150,4,20,3,3139,34,4120,true
upvar,,3907,0,3907,10,2,1782,707,3200,true
append,,3616,65,3551,18,2,2865,1011,2605,true
package,require,3462,10,3452,21,2,2354,3404,58,true
file,dirname,2849,2847,2,21,2,2849,0,2849,true
bind,,2608,57,2551,6,3,2551,1624,984,true
dict,set,2416,3,2413,13,4,2057,888,1528,true
catch,,2293,596,1697,18,1,1690,2245,48,true
switch,,2172,18,2154,12,4,915,0,2172,true
split,,2034,2024,10,15,2,1951,1,2033,true
dict,get,1980,1979,1,19,3,1828,0,1980,true
namespace,eval,1916,9,1907,19,3,1913,1819,97,true
break,,1820,0,1820,17,0,1820,1820,0,true
array,set,1817,0,1817,9,3,1816,884,933,true
error,,1778,0,1778,17,1,1697,714,1064,true
for,,1754,0,1754,20,4,1753,1753,1,true
info,script,1754,1752,2,21,1,1752,1752,2,true
continue,,1658,0,1658,14,0,1658,1658,0,true
lassign,,1547,57,1490,16,3,783,20,1527,true
string,range,1473,1467,6,12,4,1470,0,1473,true
format,,1409,1265,144,13,2,871,207,1202,true
lrange,,1404,1402,2,13,3,1404,2,1402,true
while,,1387,0,1387,16,2,1387,1386,1,true
llength,,1349,1344,5,17,1,1349,0,1349,true
unset,,1347,13,1334,11,1,1130,856,491,true
join,,1345,1333,12,17,2,1286,28,1317,true
string,map,1281,1256,25,17,3,1273,3,1278,true
file,tail,1198,1197,1,13,2,1198,0,1198,true
file,normalize,1150,1147,3,20,2,1150,0,1150,true
image,create,1063,795,268,6,6,674,638,425,true
global,,1056,0,1056,15,1,787,1050,6,true
close,,1015,15,1000,15,1,1002,1,1014,true
lsort,,1005,998,7,11,2,435,2,1003,true
source,,1003,4,999,17,1,964,18,985,true
eval,,970,471,499,9,1,546,5,965,true
string,trim,948,942,6,14,2,707,0,948,true
namespace,export,942,1,941,14,2,520,926,16,true
regsub,,920,313,607,14,4,371,0,920,true
linsert,,915,911,4,11,3,608,0,915,true
pack,<dynamic>,896,0,896,5,5,352,0,896,true
uplevel,,872,383,489,15,2,612,81,791,true
package,provide,779,16,763,19,3,763,720,59,true
package,ifneeded,744,7,737,14,4,737,5,739,true
lreplace,,678,678,0,10,3,373,0,678,true
array,names,674,672,2,8,2,535,572,102,true
open,,668,662,6,15,2,569,38,630,true
concat,,642,641,1,11,2,440,5,637,true
grid,<dynamic>,608,0,608,6,7,161,0,608,true
string,length,556,556,0,9,2,556,1,555,true
namespace,upvar,539,0,539,4,4,356,436,103,true
interp,alias,527,5,522,8,5,232,246,281,true
pwd,,521,521,0,7,0,521,521,0,true
array,get,514,509,5,7,2,480,477,37,true
namespace,import,487,0,487,15,2,430,473,14,true
destroy,,477,0,477,6,1,467,200,277,true
dict,create,470,470,0,16,1,165,245,225,true
read,,468,465,3,14,1,280,3,465,true
lsearch,,455,454,1,9,3,271,0,455,true
option,add,438,0,438,4,3,246,222,216,true
msgcat::mc,,431,431,0,4,1,417,399,32,true
file,rootname,411,411,0,13,2,411,0,411,true
string,tolower,398,395,3,13,2,398,3,395,true
array,unset,390,0,390,7,2,208,283,107,true
oo::class,create,386,0,386,10,3,386,386,0,true
update,,351,0,351,7,0,189,330,21,true
namespace,current,346,325,21,8,1,346,346,0,true
frame,,336,66,270,6,1,151,146,190,true
binary,scan,334,4,330,2,4,245,0,334,true
focus,,321,43,278,5,1,239,50,271,true
string,first,312,312,0,6,3,274,0,312,true
button,,311,74,237,4,5,227,152,159,true
rename,,311,0,311,9,2,311,217,94,true
string,repeat,303,303,0,8,3,303,104,199,true
regexp,,296,143,153,12,4,100,4,292,true
file,delete,292,8,284,13,3,194,36,256,true
label,,290,43,247,6,3,73,97,193,true
binary,format,285,280,5,4,3,172,46,239,true
exec,,285,108,177,15,3,86,92,193,true
glob,,282,282,0,12,2,96,21,261,true
lset,,274,3,271,10,3,225,19,255,true
wm,title,263,6,257,6,3,258,88,175,true
after,idle,260,50,210,5,2,228,67,193,true
grid,columnconfigure,253,0,253,6,5,232,79,174,true
clock,format,251,251,0,9,4,171,0,251,true
info,level,251,249,2,9,2,139,243,8,true
bindtags,,244,110,134,5,2,133,24,220,true
string,trimleft,243,242,1,8,3,195,0,243,true
ticklecharts::chart,new,233,233,0,4,1,232,233,0,true
string,trimright,231,231,0,9,3,138,0,231,true
toplevel,,231,21,210,6,1,174,85,146,true
file,root,224,224,0,3,2,224,0,224,true
::set,,215,4,211,3,2,212,64,151,true
clock,seconds,210,210,0,9,1,210,210,0,true
string,index,208,208,0,9,3,208,0,208,true
scan,,207,52,155,8,3,116,2,205,true
subst,,206,202,4,11,1,171,28,178,true
namespace,ensemble,203,18,185,8,2,160,175,28,true
dict,remove,192,192,0,5,3,70,0,192,true
seek,,191,0,191,2,3,174,0,191,true
exit,,181,0,181,12,1,118,167,14,true
fconfigure,,179,35,144,6,3,99,3,176,true
event,add,174,0,174,3,3,135,172,2,true
string,toupper,169,168,1,8,2,166,0,169,true
ttk::frame,,167,105,62,4,1,128,42,125,true
tk_messageBox,,165,23,142,7,6,71,57,108,true
cd,,161,0,161,7,1,161,27,134,true
clock,scan,157,157,0,6,4,83,41,116,true
file,extension,157,157,0,8,2,157,0,157,true
winfo,parent,155,154,1,5,2,155,5,150,true
bell,,154,0,154,3,0,154,154,0,true
event,generate,151,0,151,5,3,98,23,128,true
grid,rowconfigure,150,0,150,6,5,145,43,107,true
dict,keys,147,147,0,10,2,143,0,147,true
after,cancel,146,0,146,6,2,146,0,146,true
file,split,145,145,0,7,2,145,0,145,true
ttk::label,,145,86,59,4,3,101,16,129,true
wm,geometry,142,46,96,6,3,95,39,103,true
tcltest::configure,,138,124,14,4,1,127,130,8,true
winfo,name,137,137,0,4,2,137,3,134,true
wm,withdraw,135,0,135,6,2,135,69,66,true
file,mkdir,133,1,132,6,2,133,7,126,true
*,,129,129,0,2,2,126,0,129,true
vwait,,125,0,125,7,1,125,83,42,true
namespace,code,121,121,0,4,2,121,37,84,true
snit::type,,118,0,118,2,2,118,118,0,true
after,<dynamic>,114,68,46,7,2,94,0,114,true
fileevent,,114,0,114,4,3,114,0,114,true
::list,,113,113,0,2,2,48,22,91,true
place,<dynamic>,111,0,111,3,7,29,0,111,true
dict,for,110,1,109,12,4,110,0,110,true
ttk::button,,108,55,53,4,5,80,11,97,true
lmap,,106,97,9,13,3,81,1,105,true
ttk::style,lookup,105,105,0,4,3,58,85,20,true
info,commands,103,101,2,7,2,98,73,30,true
::tcltest::test,,102,0,102,1,12,73,82,20,true
trace,add,102,0,102,6,5,102,28,74,true
wm,attributes,102,12,90,4,4,91,7,95,true
file,copy,101,0,101,6,4,82,8,93,true
flush,,101,0,101,7,1,101,46,55,true
wm,iconname,101,0,101,3,3,101,22,79,true
namespace,origin,100,100,0,3,2,100,97,3,true
winfo,toplevel,100,100,0,4,2,100,6,94,true
try,,98,0,98,12,5,71,97,1,true
menu,<dynamic>,96,28,68,3,3,61,0,96,true
ttk::style,configure,96,9,87,4,4,62,17,79,true
map,,93,38,55,2,5,34,24,69,true
info,exists,90,87,3,6,2,90,24,66,true
namespace,delete,88,0,88,7,2,88,44,44,true
+,,87,63,24,6,2,65,20,67,true
font,actual,87,87,0,5,3,51,53,34,true
-,,86,83,3,4,2,58,27,59,true
namespace,parent,86,86,0,3,1,59,59,27,true
winfo,class,86,86,0,5,2,86,1,85,true
winfo,pixels,86,85,1,2,3,86,0,86,true
dict,lappend,83,0,83,6,4,78,0,83,true
winfo,children,83,83,0,5,2,83,12,71,true
wm,deiconify,81,0,81,5,2,81,29,52,true
export,,79,0,79,6,1,42,78,1,true
gets,,79,28,51,6,2,48,13,66,true
string,replace,77,76,1,7,5,66,0,77,true
tcltest::test,,77,0,77,3,6,38,34,43,true
ttk::style,theme,77,15,62,4,4,44,59,18,true
interp,eval,76,19,57,3,3,73,4,72,true
oo::define,,73,0,73,8,2,44,49,24,true
file,rename,70,0,70,11,3,48,8,62,true
scrollbar,,69,18,51,4,5,32,24,45,true
auto_execok,,68,68,0,8,1,68,54,14,true
ttk::style,map,68,15,53,4,4,43,12,56,true
canvas,<dynamic>,66,29,37,5,9,30,0,66,true
string,match,66,66,0,8,3,65,0,66,true
tailcall,,66,0,66,4,2,29,3,63,true
font,configure,65,21,44,3,4,26,18,47,true
::namespace,eval,64,0,64,1,3,64,60,4,true
::tcltest::cleanupTests,,63,0,63,3,0,61,63,0,true
lreverse,,63,63,0,10,1,63,2,61,true
canvas,.c,62,34,28,3,7,28,60,2,true
raise,,61,0,61,5,1,58,8,53,true
winfo,rgb,60,59,1,5,3,60,5,55,true
clock,milliseconds,59,59,0,7,1,59,59,0,true
string,last,59,59,0,6,3,55,0,59,true
scale,,58,38,20,3,2,26,28,30,true
after,100,56,5,51,5,2,47,14,42,true
argparse,,56,14,42,4,3,46,47,9,true
time,,56,54,2,3,2,36,51,5,true
winfo,width,56,56,0,6,2,56,1,55,true
::asn::asnGetSequence,,55,0,55,1,2,55,55,0,true
oo::configurable,create,55,0,55,3,3,55,55,0,true
text,<dynamic>,54,19,35,5,5,8,0,54,true
/,,53,53,0,3,2,53,18,35,true
radiobutton,,53,2,51,4,5,19,14,39,true
string,is,53,34,19,9,3,32,3,50,true
::msgcat::mc,,52,52,0,4,1,52,45,7,true
namespace,tail,52,51,1,8,2,52,0,52,true
dict,append,51,0,51,3,3,31,0,51,true
interp,delete,51,0,51,5,2,51,5,46,true
winfo,reqheight,50,50,0,5,2,50,4,46,true
dict,merge,48,48,0,7,3,46,0,48,true
font,create,48,5,43,4,6,23,31,17,true
lrepeat,,48,48,0,8,2,48,27,21,true
entry,<dynamic>,47,6,41,4,5,17,0,47,true
fileutil::cat,,47,47,0,5,1,46,16,31,true
::log::log,,46,0,46,1,2,46,0,46,true
trace,remove,46,0,46,7,5,44,0,46,true
ttk::style,layout,46,7,39,4,3,39,28,18,true
winfo,reqwidth,46,46,0,5,2,46,3,43,true
wm,geom,46,1,45,2,3,45,39,7,true
http::geturl,,45,45,0,3,1,38,37,8,true
winfo,height,45,45,0,6,2,45,4,41,true
info,hostname,43,43,0,3,1,43,43,0,true
namespace,which,43,41,2,5,3,24,40,3,true
string,equal,42,40,2,8,3,42,0,42,true
string,totitle,42,42,0,7,2,37,0,42,true
::variable,,41,0,41,1,1,36,39,2,true
log::log,,41,0,41,1,2,41,7,34,true
fcopy,,40,1,39,2,2,17,0,40,true
font,measure,40,39,1,4,5,25,2,38,true
tell,,40,40,0,2,1,40,0,40,true
tcltest::testConstraint,,39,1,38,1,2,38,19,20,true
::http::data,,38,38,0,2,1,38,0,38,true
::ttk::style,element,38,0,38,1,11,13,0,38,true
apply,,38,3,35,4,2,32,7,31,true
grid,configure,38,0,38,5,4,24,5,33,true
interp,create,38,31,7,5,1,22,34,4,true
file,size,37,37,0,5,2,37,0,37,true
tcltest::cleanupTests,,37,0,37,4,0,37,37,0,true
Markdown::convert,,36,5,31,2,1,33,20,16,true
chan,configure,36,0,36,4,4,27,0,36,true
encoding,convertto,36,35,1,3,3,36,3,33,true
fileutil::writeFile,,36,0,36,2,2,36,0,36,true
pid,,36,36,0,4,0,34,34,2,true
struct::list,assign,36,0,36,2,4,25,0,36,true
yield,,36,2,34,3,0,27,31,5,true
::if,,35,0,35,1,2,20,35,0,true
file,attributes,35,7,28,3,4,26,0,35,true
info,body,35,35,0,6,2,35,12,23,true
tk,windowingsystem,35,35,0,2,1,35,35,0,true
checkbutton,,34,2,32,4,7,13,13,21,true
ftp::DisplayMsg,,34,0,34,1,2,22,4,30,true
http::register,,34,0,34,4,3,34,5,29,true
info,nameofexecutable,34,34,0,5,1,34,34,0,true
::foreach,,33,0,33,1,3,32,0,33,true
debug,level,33,0,33,2,2,33,33,0,true
debug,prefix,33,0,33,2,3,33,33,0,true
info,coroutine,33,33,0,3,1,33,33,0,true
struct::matrix,,33,1,32,3,1,33,33,0,true
wm,transient,33,3,30,5,3,30,0,33,true
!,,32,0,32,2,0,32,32,0,true
>>,,32,0,32,2,1,32,32,0,true
json::json2dict,,32,32,0,2,1,32,0,32,true
pack,configure,32,0,32,2,4,24,1,31,true
ttk::entry,,32,18,14,4,3,18,0,32,true
dict,getnull,31,31,0,1,3,31,0,31,true
info,class,31,31,0,3,4,16,8,23,true
ticklecharts::Gridlayout,new,30,30,0,3,1,30,30,0,true
::ttk::style,layout,29,9,20,2,3,20,11,18,true
dict,incr,29,0,29,4,3,26,15,14,true
dict,unset,29,0,29,4,3,20,8,21,true
oo::objdefine,,29,0,29,3,2,19,14,15,true
socket,,29,28,1,2,2,13,1,28,true
console,show,28,0,28,4,1,28,28,0,true
winfo,rootx,28,28,0,5,2,28,1,27,true
::asn::asnSequence,,27,27,0,1,2,15,0,27,true
::chan,configure,27,10,17,1,4,17,0,27,true
after,50,27,10,17,5,2,23,6,21,true
snit::widget,,27,0,27,1,2,27,27,0,true
ttk::checkbutton,,27,11,16,4,5,15,0,27,true
wm,minsize,27,1,26,3,4,26,22,5,true
file,mtime,26,17,9,4,2,17,0,26,true
place,configure,26,0,26,2,6,12,0,26,true
dict,with,25,0,25,3,3,25,20,5,true
listbox,<dynamic>,25,9,16,4,7,7,0,25,true
ttk::separator,,25,11,14,3,3,11,5,20,true
::oo::define,,24,0,24,1,3,7,6,18,true
after,200,24,1,23,4,2,22,11,13,true
after,500,24,9,15,4,2,23,9,15,true
clipboard,append,24,0,24,4,4,20,0,24,true
dict,size,24,23,1,3,2,24,0,24,true
file,exists,24,23,1,5,2,24,6,18,true
html::font,,24,24,0,1,0,24,24,0,true
labelframe,,24,2,22,3,3,16,3,21,true
pack,.c,24,0,24,3,1,13,24,0,true
package,forget,24,0,24,6,2,24,11,13,true
::chan,event,23,3,20,1,4,20,0,23,true
clipboard,clear,23,0,23,4,3,20,8,15,true
font,metrics,23,23,0,3,3,22,5,18,true
namespace,children,23,23,0,7,2,14,15,8,true
struct::graph,,23,22,1,1,0,18,20,3,true
tk_popup,,23,0,23,3,3,22,0,23,true
ttk::combobox,,23,14,9,2,5,9,1,22,true
after,0,22,2,20,4,2,21,4,18,true
clock,clicks,22,22,0,5,1,12,22,0,true
cmdline::getArgv0,,22,22,0,1,0,22,22,0,true
encoding,convertfrom,22,22,0,4,3,22,2,20,true
parray,,22,6,16,2,1,22,21,1,true
place,forget,22,0,22,1,2,22,0,22,true
winfo,rooty,22,22,0,5,2,22,1,21,true
debug,<dynamic>,21,0,21,1,1,21,0,21,true
file,nativename,21,20,1,4,2,21,0,21,true
grid,forget,21,0,21,5,2,20,1,20,true
pack,.l,21,0,21,2,1,11,21,0,true
pack,forget,21,0,21,3,2,17,2,19,true
snit::widgetadaptor,,21,0,21,1,2,21,21,0,true
ticklecharts::chart3D,new,21,21,0,2,1,20,21,0,true
tk,appname,21,11,10,2,1,11,18,3,true
wm,protocol,21,0,21,5,4,21,3,18,true
::asn::asnGetObjectIdentifier,,20,0,20,1,2,20,20,0,true
::asn::asnPeekByte,,20,0,20,1,2,20,20,0,true
::asn::asnRetag,,20,0,20,1,2,20,20,0,true
::close,,20,0,20,1,1,20,0,20,true
after,10,20,4,16,5,2,19,4,16,true
binary,encode,20,19,1,5,3,17,0,20,true
option,get,20,19,1,3,4,20,7,13,true
::math::constants::constants,,19,0,19,5,3,14,19,0,true
::oo::class,create,19,0,19,2,3,19,15,4,true
::struct::tree,,19,1,18,1,3,18,1,18,true
::ttk::style,configure,19,0,19,2,6,9,1,18,true
after,1000,19,0,19,6,1,10,14,5,true
event,<dynamic>,19,0,19,2,4,13,0,19,true
grid,remove,19,0,19,3,2,17,0,19,true
image,delete,19,0,19,3,2,19,5,14,true
package,present,19,19,0,2,2,19,14,5,true
winfo,containing,19,19,0,3,3,14,0,19,true
winfo,y,19,19,0,2,2,19,0,19,true
::open,,18,18,0,1,2,18,0,18,true
::tcltest::testConstraint,,18,0,18,2,2,18,3,15,true
lpop,,18,18,0,3,2,10,18,0,true
string,cat,18,17,1,6,3,14,0,18,true
::msgcat::mcload,,17,3,14,5,1,17,0,17,true
canvas,.c2,17,9,8,2,7,8,16,1,true
clock,microseconds,17,17,0,3,1,17,17,0,true
dict,values,17,17,0,6,2,17,0,17,true
grab,release,17,0,17,4,2,17,0,17,true
logger::init,,17,15,2,1,1,17,13,4,true
namespace,path,17,0,17,3,2,16,13,4,true
oo::abstract,create,17,0,17,1,3,17,17,0,true
string,eq,17,17,0,1,3,17,0,17,true
tkwait,visibility,17,0,17,2,2,17,9,8,true
ttk::spinbox,,17,7,10,3,11,9,0,17,true
wm,overrideredirect,17,0,17,5,3,17,3,14,true
::stooop::virtual,,16,0,16,2,3,12,16,0,true
message,,16,4,12,3,5,10,8,8,true
string,compare,16,15,1,5,3,10,0,16,true
ttk::style,element,16,0,16,2,7,9,9,7,true
winfo,x,16,16,0,1,2,16,0,16,true
::cron::clock_sleep,,15,0,15,1,1,11,15,0,true
::stooop::class,,15,0,15,2,2,15,15,0,true
array,size,15,13,2,4,2,15,15,0,true
info,vars,15,12,3,5,2,10,8,7,true
lower,,15,0,15,3,1,15,0,15,true
lseq,,15,15,0,2,1,6,3,12,true
winfo,pointerxy,15,15,0,4,2,15,7,8,true
::chan,create,14,14,0,1,3,14,0,14,true
::fileutil::relative,,14,14,0,1,2,14,0,14,true
::lindex,,14,9,5,3,2,10,0,14,true
::ttk::style,theme,14,10,4,2,2,10,10,4,true
dict,replace,14,14,0,3,4,10,0,14,true
image,width,14,14,0,2,2,14,0,14,true
info,procs,14,14,0,6,2,13,11,3,true
namespace,qualifiers,14,14,0,6,2,14,0,14,true
pack,.l1,14,0,14,1,5,12,14,0,true
self,,14,4,10,5,3,6,14,0,true
tclLog,,14,0,14,1,1,14,0,14,true
textutil::repeat::strRepeat,,14,13,1,1,2,14,0,14,true
ttk::menubutton,,14,1,13,2,7,8,0,14,true
winfo,geometry,14,14,0,2,2,14,0,14,true
wm,resizable,14,1,13,6,4,13,1,13,true
::log::lvSuppress,,13,0,13,1,2,8,5,8,true
::tie::register,,13,0,13,1,3,13,13,0,true
after,2000,13,1,12,3,2,11,9,4,true
cat,,13,13,0,2,1,13,8,5,true
grab,<dynamic>,13,0,13,4,1,13,0,13,true
info,object,13,13,0,5,3,10,0,13,true
listbox,.l,13,0,13,2,7,8,7,6,true
package,req,13,1,12,2,2,13,13,0,true
tcltest::removeFile,,13,0,13,2,1,13,3,10,true
tk_getSaveFile,,13,12,1,5,6,3,4,9,true
winfo,id,13,13,0,3,2,13,10,3,true
winfo,manager,13,13,0,1,2,13,0,13,true
::chan,push,12,0,12,1,3,12,0,12,true
::math::polynomials::polynomial,,12,12,0,1,1,12,12,0,true
::math::rationalfunctions::rationalFunction,,12,12,0,1,2,12,12,0,true
base64::encode,,12,12,0,1,1,11,0,12,true
coroutine,,12,0,12,4,6,5,1,11,true
info,args,12,12,0,3,2,12,0,12,true
option,-command,12,0,12,2,3,9,11,1,true
pack,.f1,12,0,12,2,5,12,12,0,true
package,versions,12,12,0,9,2,12,7,5,true
tcltest::makeFile,,12,5,7,2,2,12,2,10,true
text,.t,12,1,11,2,9,3,8,4,true
tk,fontchooser,12,0,12,1,2,4,6,6,true
winfo,screen,12,12,0,4,2,12,2,10,true
::after,cancel,11,0,11,1,2,11,0,11,true
::append,,11,0,11,1,2,5,2,9,true
::info,level,11,11,0,1,2,9,9,2,true
::msgcat::mclocale,,11,5,6,4,1,6,7,4,true
array,name,11,11,0,2,4,6,5,6,true
canvas,.c1,11,9,2,1,3,5,11,0,true
dict,exists,11,11,0,4,3,7,0,11,true
dict,filter,11,11,0,3,4,6,0,11,true
fileutil::updateInPlace,,11,0,11,5,2,11,0,11,true
image,names,11,11,0,2,1,11,11,0,true
option,-variable,11,0,11,2,5,10,11,0,true
option,clear,11,0,11,2,1,11,11,0,true
snit::macro,,11,0,11,2,3,11,8,3,true
tcl::mathfunc::max,,11,11,0,3,1,11,0,11,true
tk,scaling,11,5,6,3,1,4,5,6,true
tk_dialog,,11,11,0,3,8,6,2,9,true
tk_focusNext,,11,7,4,2,1,11,10,1,true
ttk::radiobutton,,11,6,5,2,7,7,2,9,true
winfo,pointerx,11,11,0,4,2,11,6,5,true
::math::statistics::mean,,10,10,0,1,1,10,1,9,true
::math::statistics::stdev,,10,10,0,1,1,10,0,10,true
::namespace,export,10,0,10,1,2,9,10,0,true
::read,,10,10,0,2,1,7,0,10,true
::yaml::yaml2dict,,10,10,0,1,2,10,0,10,true
grab,-global,10,0,10,2,2,10,1,9,true
image,height,10,10,0,2,2,10,0,10,true
menubutton,,10,0,10,2,11,5,3,7,true
option,-height,10,0,10,2,2,4,10,0,true
option,-radius,10,0,10,1,5,9,10,0,true
pack,.f,10,0,10,3,5,6,10,0,true
struct::set,difference,10,10,0,1,3,10,0,10,true
tcltest::viewFile,,10,10,0,1,1,10,0,10,true
throw,,10,0,10,2,2,10,6,4,true
trace,info,10,10,0,6,3,10,7,3,true
uri::register,,10,0,10,1,2,10,10,0,true
winfo,pointery,10,10,0,4,2,10,6,4,true
winfo,screenwidth,10,10,0,5,2,10,1,9,true
winfo,viewable,10,10,0,2,2,10,0,10,true
::SASL::register,,9,0,9,1,4,6,9,0,true
::asn::asnGetInteger,,9,0,9,1,2,9,9,0,true
::cron::wake,,9,0,9,1,1,9,9,0,true
::ip::toInteger,,9,8,1,1,1,9,1,8,true
::math::bignum::mul,,9,9,0,1,2,9,0,9,true
::oo::objdefine,,9,0,9,1,5,9,0,9,true
::report::defstyle,,9,0,9,1,3,9,9,0,true
after,1,9,2,7,3,2,9,5,4,true
after,300,9,0,9,3,2,6,3,6,true
after,5000,9,2,7,4,2,5,7,2,true
binary,decode,9,8,1,3,3,8,1,8,true
canvas,.t.c,9,1,8,2,3,6,9,0,true
const,,9,1,8,5,2,8,7,2,true
file,pathtype,9,9,0,1,2,9,0,9,true
ftp::Type,,9,0,9,1,2,9,0,9,true
grid,.m.exit,9,0,9,1,7,9,9,0,true
grid,.m.map,9,0,9,1,9,9,9,0,true
grid,.m.rehome,9,0,9,1,7,9,9,0,true
http::cleanup,,9,0,9,2,1,9,0,9,true
http::data,,9,9,0,3,1,9,0,9,true
logger::initNamespace,,9,0,9,1,1,9,9,0,true
logger::levels,,9,9,0,1,0,9,9,0,true
lremove,,9,4,5,2,2,9,0,9,true
pack,.close,9,0,9,1,5,7,9,0,true
pack,.t.c,9,0,9,2,1,8,9,0,true
tk_getOpenFile,,9,8,1,3,6,4,3,6,true
trace,<dynamic>,9,0,9,1,1,9,0,9,true
ttk::panedwindow,,9,8,1,3,3,8,1,8,true
winfo,fpixels,9,9,0,2,3,9,0,9,true
wm,positionfrom,9,0,9,2,3,9,8,1,true
::after,<dynamic>,8,5,3,1,2,8,0,8,true
::asn::asnGetContext,,8,0,8,1,3,8,8,0,true
::asn::asnObjectIdentifier,,8,8,0,1,1,8,0,8,true
::cron::sleep,,8,0,8,1,1,8,4,4,true
::csv::joinlist,,8,8,0,1,2,8,0,8,true
::lrange,,8,5,3,3,3,8,0,8,true
::oo::object,new,8,8,0,1,1,8,8,0,true
::tcltest::customMatch,,8,0,8,1,2,8,7,1,true
::textutil::wcswidth_char,,8,6,2,1,1,8,1,7,true
after,20,8,0,8,3,2,5,4,4,true
canvas,.c3,8,5,3,1,7,4,8,0,true
clock,add,8,6,2,3,4,8,0,8,true
file,home,8,8,0,1,1,8,8,0,true
ftp::Close,,8,0,8,1,1,8,0,8,true
info,host,8,8,0,1,1,8,8,0,true
load,,8,0,8,5,3,5,1,7,true
md5::md5,,8,7,1,1,1,5,0,8,true
namespace,forget,8,0,8,3,2,8,4,4,true
option,-color,8,0,8,1,5,6,8,0,true
option,-create-cmd,8,0,8,1,5,4,8,0,true
registry,,8,8,0,1,3,7,1,7,true
selection,own,8,2,6,2,4,4,0,8,true
struct::tree,,8,1,7,1,1,7,8,0,true
textutil::adjust::indent,,8,7,1,2,3,5,0,8,true
tk_setPalette,,8,0,8,3,14,4,3,5,true
tkwait,variable,8,0,8,3,2,8,3,5,true
tkwait,window,8,0,8,4,2,8,2,6,true
ttk::scale,,8,5,3,2,9,6,0,8,true
ttk::treeview,<dynamic>,8,6,2,2,9,6,0,8,true
winfo,interps,8,5,3,2,1,7,7,1,true
winfo,ismapped,8,8,0,1,2,8,0,8,true
winfo,screenheight,8,8,0,5,2,8,1,7,true
::asn::asnGetBitString,,7,0,7,1,2,7,7,0,true
::incr,,7,0,7,1,2,6,7,0,true
::llength,,7,4,3,3,1,7,0,7,true
::split,,7,7,0,1,2,7,0,7,true
::stooop::delete,,7,0,7,1,1,7,0,7,true
::textutil::indent,,7,7,0,1,3,6,0,7,true
after,3000,7,0,7,3,2,6,5,2,true
bench::in::read,,7,7,0,2,1,7,0,7,true
chan,close,7,0,7,2,2,7,0,7,true
chan,event,7,0,7,1,4,7,0,7,true
fileutil::stripPath,,7,7,0,2,2,7,0,7,true
ftp::Delete,,7,0,7,1,2,7,0,7,true
grab,current,7,7,0,2,2,7,2,5,true
grab,set,7,0,7,4,2,6,0,7,true
grid,columnconfig,7,0,7,2,7,4,0,7,true
info,frame,7,7,0,3,2,5,5,2,true
info,proc,7,7,0,3,2,7,4,3,true
log::lvSuppressLE,,7,0,7,1,2,6,5,2,true
mime::initialize,,7,7,0,1,6,3,0,7,true
option,-background,7,0,7,1,3,4,7,0,true
option,-hilit-color,7,0,7,1,5,6,7,0,true
option,-kind,7,0,7,1,5,6,7,0,true
option,-width,7,0,7,1,2,4,7,0,true
pack,.t,7,0,7,1,5,6,7,0,true
struct::set,union,7,7,0,2,3,6,0,7,true
tcl::mathfunc::min,,7,7,0,2,1,7,0,7,true
tcltest::makeDirectory,,7,0,7,1,1,7,2,5,true
textutil::indent,,7,7,0,1,2,6,0,7,true
tk,systray,7,0,7,1,4,4,7,0,true
ttk::notebook,<dynamic>,7,5,2,3,1,4,0,7,true
winfo,exists,7,6,1,4,2,7,1,6,true
wm,iconphoto,7,0,7,3,3,4,1,6,true
::asn::asnBitString,,6,6,0,1,1,6,0,6,true
::asn::asnNull,,6,6,0,1,0,6,6,0,true
::base64::encode,,6,6,0,1,1,3,0,6,true
::doctools::new,,6,0,6,2,5,4,4,2,true
::ip::maskToInt,,6,4,2,1,1,6,2,4,true
::lappend,,6,0,6,1,2,6,0,6,true
::math::roman::tointeger,,6,6,0,1,1,6,0,6,true
::math::statistics::corr,,6,6,0,1,2,6,0,6,true
::md5::md5,,6,6,0,1,1,4,0,6,true
::proc,,6,0,6,1,3,6,5,1,true
::string,repeat,6,6,0,1,3,6,0,6,true
::struct::stack,,6,1,5,2,1,6,4,2,true
file,readlink,6,6,0,2,2,6,0,6,true
ftp::Get,,6,0,6,1,2,5,0,6,true
ftp::Put,,6,0,6,1,3,5,0,6,true
grid,size,6,6,0,2,2,6,1,5,true
grid,x,6,0,6,2,2,2,0,6,true
html::h,,6,0,6,1,3,6,0,6,true
logger::utils::createFormatCmd,,6,6,0,1,1,3,6,0,true
option,-max,6,0,6,2,5,4,6,0,true
option,-min,6,0,6,2,5,4,6,0,true
option,-on-selection,6,0,6,1,3,6,6,0,true
pack,.s,6,0,6,1,1,3,6,0,true
pack,.sep,6,0,6,1,5,5,6,0,true
pack,.t.m,6,0,6,1,5,6,6,0,true
pack,propagate,6,0,6,4,3,6,0,6,true
string,len,6,6,0,1,2,6,0,6,true
struct::set,intersect3,6,6,0,2,3,6,0,6,true
textutil::adjust,,6,6,0,2,3,4,0,6,true
ttk::style,config,6,5,1,2,2,5,6,0,true
winfo,vrootheight,6,6,0,3,2,6,2,4,true
winfo,vrootwidth,6,6,0,3,2,6,2,4,true
::asn::asnContextConstr,,5,5,0,1,2,5,1,4,true
::asn::asnGetOctetString,,5,0,5,1,2,5,5,0,true
::base64::decode,,5,5,0,1,1,5,2,3,true
::cmdline::getoptions,,5,5,0,2,3,5,0,5,true
::fileutil::appendToFile,,5,0,5,5,2,5,0,5,true
::info,class,5,5,0,1,3,5,0,5,true
::info,vars,5,5,0,1,2,5,1,4,true
::math::bignum::add,,5,5,0,1,2,5,0,5,true
::math::fourier::dft,,5,5,0,1,1,5,4,1,true
::math::polynomials::divPolyn,,5,5,0,1,2,5,0,5,true
::math::rationalfunctions::divRatio,,5,5,0,1,2,5,0,5,true
::math::roman::expr,,5,5,0,1,3,4,1,4,true
::math::statistics::basic-stats,,5,5,0,1,1,5,0,5,true
::math::statistics::histogram,,5,5,0,2,2,5,0,5,true
::msgcat::mcpreferences,,5,5,0,3,0,5,5,0,true
::stooop::new,,5,5,0,1,12,2,0,5,true
after,info,5,5,0,2,1,4,4,1,true
chan,puts,5,0,5,3,3,5,1,4,true
comm::comm,send,5,1,4,1,3,4,0,5,true
csv::split,,5,5,0,1,1,4,0,5,true
dict,getdef,5,5,0,1,4,5,0,5,true
file,isdirectory,5,3,2,3,2,5,0,5,true
file,tempfile,5,5,0,2,3,3,5,0,true
fileutil::tempfile,,5,5,0,2,0,4,5,0,true
font,families,5,5,0,2,1,5,5,0,true
ftp::Cd,,5,1,4,1,2,5,0,5,true
grid,rowconfig,5,0,5,2,7,4,0,5,true
hook,call,5,0,5,1,4,4,0,5,true
http::config,,5,1,4,2,2,2,3,2,true
info,command,5,5,0,4,2,5,4,1,true
info,patchlevel,5,5,0,3,1,5,5,0,true
logger::walk,,5,0,5,1,2,5,0,5,true
md5::MD5Update,,5,0,5,1,2,5,0,5,true
mymethod,,5,5,0,1,1,2,1,4,true
option,-add-remove-point,5,0,5,1,5,5,5,0,true
option,-data-cmd,5,0,5,1,3,4,5,0,true
option,-drag-point,5,0,5,1,5,5,5,0,true
option,-on-active,5,0,5,1,5,5,5,0,true
option,-pattern,5,0,5,2,5,4,5,0,true
option,-tag,5,0,5,1,5,5,5,0,true
pack,.base,5,0,5,1,5,5,5,0,true
pack,.base.close,5,0,5,1,5,5,5,0,true
pack,.base.f,5,0,5,1,5,5,5,0,true
pack,.base.get,5,0,5,1,3,5,5,0,true
pack,.base.sep,5,0,5,1,5,5,5,0,true
pack,.get,5,0,5,1,3,5,5,0,true
pack,.t.bot,5,0,5,1,5,4,5,0,true
pack,.t.quit,5,0,5,1,9,3,5,0,true
package,vsatisfies,5,5,0,2,3,3,0,5,true
selection,get,5,5,0,2,3,3,3,2,true
selection,handle,5,0,5,2,5,5,0,5,true
sha1::sha1,,5,4,1,1,2,4,0,5,true
struct::set,contains,5,5,0,2,3,5,0,5,true
struct::set,exclude,5,0,5,1,3,5,1,4,true
struct::set,intersect,5,5,0,2,3,5,0,5,true
tcl::prefix,match,5,5,0,1,3,5,0,5,true
ticklecharts::timeline,new,5,5,0,1,1,4,5,0,true
tk_chooseDirectory,,5,5,0,4,6,3,2,3,true
tk_focusPrev,,5,5,0,2,1,5,4,1,true
ttk::progressbar,,5,2,3,1,3,3,0,5,true
uri::split,,5,5,0,1,1,5,0,5,true
::after,idle,4,1,3,1,2,4,1,3,true
::apply,,4,0,4,2,1,4,4,0,true
::asn::asnGetIA5String,,4,0,4,1,2,4,4,0,true
::asn::asnSequenceFromList,,4,4,0,1,1,4,0,4,true
::chan,close,4,0,4,1,2,4,0,4,true
::cron::at,,4,0,4,1,3,4,0,4,true
::fileutil::magic::filetype,,4,2,2,1,1,4,0,4,true
::http::cleanup,,4,0,4,2,1,4,0,4,true
::info,args,4,4,0,1,2,4,0,4,true
::info,body,4,4,0,1,2,4,0,4,true
::info,default,4,4,0,1,4,4,0,4,true
::info,hostname,4,4,0,1,1,4,4,0,true
::ip::distance,,4,0,4,1,2,2,3,1,true
::join,,4,4,0,1,2,4,0,4,true
::math::bignum::sign,,4,4,0,1,1,4,0,4,true
::math::linearalgebra::show,,4,4,0,1,1,3,0,4,true
::math::polynomials::allCoeffsPolyn,,4,4,0,1,1,4,0,4,true
::math::rationalfunctions::coeffsNumerator,,4,4,0,1,1,4,0,4,true
::math::statistics::minmax-histogram-limits,,4,4,0,2,3,4,1,3,true
::mime::parseaddress,,4,4,0,1,1,4,0,4,true
::platform::generic,,4,4,0,1,0,4,4,0,true
::rename,,4,0,4,1,2,4,0,4,true
::sha1::sha1,,4,4,0,1,2,4,0,4,true
::stringprep::register,,4,0,4,1,9,3,4,0,true
::struct::graph,,4,0,4,1,1,4,0,4,true
::struct::list,assign,4,0,4,1,4,4,0,4,true
::struct::set,difference,4,4,0,1,3,4,0,4,true
::textutil::blank,,4,4,0,1,1,4,0,4,true
::textutil::strRepeat,,4,4,0,2,2,4,0,4,true
::units::new,,4,0,4,1,2,4,4,0,true
::uri::setQuirkOption,,4,1,3,1,2,3,1,3,true
DES::des,,4,4,0,1,8,3,0,4,true
SASL::mechanisms,,4,4,0,1,0,3,4,0,true
SASL::new,,4,4,0,1,4,3,0,4,true
SASL::response,,4,4,0,1,1,4,0,4,true
after,10000,4,0,4,4,2,3,4,0,true
bgerror,,4,0,4,3,1,4,0,4,true
comm::comm,self,4,4,0,2,1,4,4,0,true
file,stat,4,0,4,1,3,4,0,4,true
file,volumes,4,4,0,3,1,4,4,0,true
fileutil::findByPattern,,4,4,0,2,3,4,0,4,true
fileutil::stripN,,4,4,0,2,2,4,0,4,true
font,delete,4,0,4,2,2,4,1,3,true
font,names,4,4,0,1,1,4,4,0,true
ftp::NList,,4,3,1,1,2,3,0,4,true
grid,.t1,4,0,4,1,5,2,4,0,true
grid,^,4,0,4,2,5,2,1,3,true
grid,anchor,4,0,4,1,3,4,1,3,true
grid,info,4,4,0,2,2,4,1,3,true
grid,propagate,4,0,4,2,3,4,1,3,true
image,,4,1,3,1,0,4,4,0,true
info,loaded,4,4,0,3,1,3,4,0,true
interp,share,4,0,4,2,4,4,0,4,true
ldap::search,,4,4,0,1,6,4,0,4,true
log::lvSuppress,,4,0,4,1,1,2,2,2,true
md5::MD5Final,,4,4,0,1,1,4,0,4,true
md5::MD5Init,,4,4,0,1,0,4,4,0,true
memory,validate,4,0,4,1,2,4,4,0,true
mime::parseaddress,,4,4,0,1,1,4,0,4,true
msgcat::mclocale,,4,2,2,1,0,2,3,1,true
option,-active-cmd,4,0,4,1,3,4,4,0,true
option,-font,4,0,4,1,5,3,4,0,true
option,-ipad,4,0,4,1,7,3,1,3,true
option,-title,4,0,4,1,3,2,4,0,true
option,-values,4,0,4,2,5,3,3,1,true
pack,.base.f.l,4,0,4,1,2,3,4,0,true
pack,.f.l,4,0,4,1,2,3,4,0,true
pack,.mid,4,0,4,1,3,3,4,0,true
pack,.t.bot.print,4,0,4,1,8,4,4,0,true
pack,.t.l,4,0,4,1,1,2,4,0,true
pack,.top,4,0,4,1,1,4,4,0,true
page::util::flow,,4,0,4,1,4,4,0,4,true
panedwindow,<dynamic>,4,1,3,1,1,3,0,4,true
spinbox,<dynamic>,4,1,3,2,5,2,0,4,true
struct::set,add,4,0,4,1,3,4,0,4,true
struct::set,equal,4,4,0,2,3,4,0,4,true
tcltest::removeDirectory,,4,0,4,1,1,4,2,2,true
text,.mid,4,0,4,1,11,4,4,0,true
text,.top,4,0,4,1,11,4,4,0,true
textutil::cap,,4,4,0,2,1,4,0,4,true
textutil::repeat::blank,,4,3,1,2,1,4,0,4,true
textutil::split::splitx,,4,4,0,2,1,4,0,4,true
textutil::tabify::untabify2,,4,4,0,2,1,4,0,4,true
timerate,,4,2,2,1,1,2,4,0,true
wm,colormapwindows,4,0,4,1,3,4,4,0,true
%,,3,0,3,1,1,3,0,3,true
::asn::asnBoolean,,3,3,0,1,1,3,0,3,true
::asn::asnChoice,,3,3,0,1,2,3,0,3,true
::asn::asnGetSet,,3,0,3,1,2,3,3,0,true
::asn::asnGetString,,3,0,3,1,2,3,3,0,true
::asn::asnInteger,,3,3,0,1,1,3,1,2,true
::chan,read,3,2,1,1,2,2,0,3,true
::comm::comm,new,3,0,3,1,8,3,2,1,true
::comm::comm,self,3,3,0,1,1,3,3,0,true
::comm::comm,send,3,1,2,1,3,1,0,3,true
::coroutine,,3,0,3,1,2,3,1,2,true
::crc::crc32,,3,3,0,1,1,3,0,3,true
::cron::every,,3,0,3,1,3,3,3,0,true
::dns::cleanup,,3,0,3,1,1,3,0,3,true
::encoding,convertfrom,3,3,0,1,3,3,0,3,true
::encoding,convertto,3,3,0,1,3,3,0,3,true
::fileutil::find,,3,3,0,1,1,2,0,3,true
::http::ncode,,3,3,0,2,1,3,0,3,true
::info,exists,3,3,0,1,2,3,0,3,true
::ip::toHex,,3,2,1,1,1,3,1,2,true
::lreplace,,3,3,0,1,4,3,0,3,true
::math::bignum::divqr,,3,3,0,1,2,3,0,3,true
::math::bignum::mod,,3,3,0,1,2,3,0,3,true
::math::bignum::setbit,,3,0,3,1,2,3,0,3,true
::math::bignum::sub,,3,3,0,1,2,3,0,3,true
::math::fourier::inverse_dft,,3,3,0,1,1,3,2,1,true
::math::linearalgebra::solveGauss,,3,2,1,1,2,3,0,3,true
::math::rationalfunctions::evalRatio,,3,3,0,1,2,3,0,3,true
::math::roman::toroman,,3,3,0,1,1,3,0,3,true
::mime::initialize,,3,3,0,1,2,1,0,3,true
::namespace,current,3,1,2,1,1,3,3,0,true
::namespacex,info,3,3,0,1,3,3,0,3,true
::pki::rsa::generate,,3,3,0,1,2,2,0,3,true
::snit::widgetadaptor,,3,0,3,1,2,3,3,0,true
::socket,,3,3,0,1,2,2,0,3,true
::string,length,3,3,0,1,2,3,0,3,true
::struct::list,longestCommonSubsequence,3,3,0,2,3,3,0,3,true
::struct::prioqueue,,3,3,0,1,2,3,3,0,true
::textutil::expander,,3,0,3,1,1,3,0,3,true
::ttk::frame,,3,2,1,1,3,2,1,2,true
::units::reduce,,3,3,0,1,1,3,0,3,true
::unset,,3,0,3,1,2,2,0,3,true
SASL::cleanup,,3,0,3,1,1,3,0,3,true
after,150,3,2,1,1,2,3,0,3,true
after,40,3,0,3,2,2,3,0,3,true
after,6000,3,0,3,3,2,2,2,1,true
array,<dynamic>,3,1,2,1,2,2,0,3,true
auto_load,,3,0,3,2,1,2,0,3,true
canvas,.c4,3,2,1,1,1,2,3,0,true
canvas,.h.c,3,0,3,1,7,3,3,0,true
chan,flush,3,0,3,2,2,3,1,2,true
chan,pop,3,0,3,2,2,3,2,1,true
clock,<dynamic>,3,3,0,2,1,3,0,3,true
clock,click,3,3,0,2,1,3,3,0,true
console,hide,3,0,3,2,1,3,3,0,true
consoleinterp,eval,3,0,3,1,2,3,2,1,true
csv::join,,3,3,0,1,1,3,0,3,true
encoding,system,3,1,2,2,2,2,3,0,true
entry,.e,3,2,1,2,1,1,3,0,true
file,atime,3,1,2,2,3,2,0,3,true
file,link,3,3,0,2,2,3,0,3,true
file,type,3,3,0,3,2,3,0,3,true
fileutil::relativeUrl,,3,3,0,1,2,3,0,3,true
ftp::FileSize,,3,2,1,1,2,3,0,3,true
ftp::List,,3,3,0,1,2,2,0,3,true
ftp::Pwd,,3,0,3,1,1,3,0,3,true
ftp::Quote,,3,3,0,1,2,2,0,3,true
generator,define,3,0,3,1,4,3,3,0,true
generator,foreach,3,0,3,1,4,3,0,3,true
generator,yield,3,0,3,1,2,2,0,3,true
grab,status,3,3,0,1,2,3,0,3,true
grid,.m.clear,3,0,3,1,7,3,3,0,true
grid,.m.fit,3,0,3,1,7,3,3,0,true
grid,.m.load,3,0,3,1,7,3,3,0,true
grid,.m.save,3,0,3,1,7,3,3,0,true
http::code,,3,3,0,1,1,3,0,3,true
http::error,,3,3,0,1,1,3,0,3,true
http::formatQuery,,3,3,0,2,8,2,0,3,true
http::ncode,,3,3,0,1,1,3,0,3,true
imap4::mboxinfo,,3,3,0,1,2,2,0,3,true
info,locals,3,2,1,2,1,3,3,0,true
info,nameofexe,3,3,0,2,1,3,3,0,true
info,tclversion,3,3,0,3,1,3,3,0,true
interp,hidden,3,3,0,1,1,3,3,0,true
ip::maskToInt,,3,3,0,1,1,3,2,1,true
ip::normalize,,3,3,0,1,1,3,0,3,true
logger::services,,3,3,0,1,0,3,3,0,true
mime::buildmessage,,3,3,0,1,1,3,0,3,true
mime::finalize,,3,0,3,1,3,2,0,3,true
mime::getproperty,,3,3,0,1,1,2,0,3,true
my,c_tclproc_raw,3,0,3,1,3,3,3,0,true
my,children,3,3,0,1,2,2,1,2,true
namespace,inscope,3,3,0,2,3,2,0,3,true
namespace,qualifier,3,3,0,2,2,3,0,3,true
ncgi::setValueList,,3,0,3,1,2,3,0,3,true
ncgi::urlStub,,3,3,0,1,0,3,3,0,true
ncgi::value,,3,3,0,1,1,2,1,2,true
option,-foreground,3,0,3,1,5,2,3,0,true
option,-line-config,3,0,3,1,5,2,3,0,true
option,-orient,3,0,3,1,2,1,3,0,true
option,-separator,3,0,3,1,7,2,1,2,true
option,-size,3,0,3,2,2,1,2,1,true
pack,.h.c,3,0,3,1,6,2,3,0,true
pack,.mb,3,0,3,1,1,3,3,0,true
pack,.wpdemo,3,0,3,1,1,3,3,0,true
selection,clear,3,0,3,2,2,2,2,1,true
smtp::sendmessage,,3,0,3,1,9,2,0,3,true
string,<dynamic>,3,3,0,1,1,3,0,3,true
struct::list,shift,3,3,0,1,2,3,3,0,true
struct::set,subtract,3,0,3,1,3,3,0,3,true
text,.lhf.classic,3,3,0,1,1,3,3,0,true
text,.rhf.new,3,3,0,1,1,3,3,0,true
textutil::adjust::adjust,,3,2,1,2,3,3,0,3,true
ticklecharts::chart,create,3,0,3,1,2,3,0,3,true
tie::tie,,3,0,3,1,2,2,2,1,true
tk,fileicon,3,3,0,1,3,3,0,3,true
tk,useinputmethods,3,1,2,1,2,2,3,0,true
tk_chooseColor,,3,2,1,2,2,2,2,1,true
uevent::generate,,3,0,3,1,3,3,1,2,true
uevent::list,,3,3,0,1,0,1,1,2,true
winfo,visualsavailable,3,3,0,1,2,3,3,0,true
winfo,vrooty,3,3,0,2,2,3,0,3,true
wm,group,3,0,3,1,3,3,0,3,true
wm,iconbadge,3,0,3,1,3,3,3,0,true
::asn::asnGetBoolean,,2,0,2,1,2,2,2,0,true
::asn::asnGetLength,,2,0,2,1,2,2,2,0,true
::asn::asnGetUTCTime,,2,0,2,1,2,2,2,0,true
::asn::asnUTCTime,,2,2,0,1,1,2,0,2,true
::bgerror,,2,0,2,2,1,2,0,2,true
::chan,gets,2,2,0,1,3,2,0,2,true
::cmdline::getopt,,2,2,0,1,4,2,2,0,true
::comm::comm,interps,2,2,0,2,1,2,2,0,true
::cron::clock_delay,,2,2,0,1,1,2,2,0,true
::destroy,,2,0,2,1,1,2,1,1,true
::dict,<dynamic>,2,1,1,1,3,2,0,2,true
::dict,set,2,0,2,1,4,1,0,2,true
::eval,,2,1,1,1,1,2,0,2,true
::expr,,2,2,0,1,1,2,0,2,true
::fileutil::stripN,,2,2,0,1,2,2,0,2,true
::http::geturl,,2,2,0,1,5,2,0,2,true
::http::meta,,2,2,0,2,1,2,0,2,true
::http::reset,,2,0,2,1,2,2,0,2,true
::http::wait,,2,0,2,1,1,2,0,2,true
::info,procs,2,2,0,1,2,2,0,2,true
::irc::connection,,2,1,1,1,0,2,2,0,true
::json::json2dict,,2,2,0,1,1,2,0,2,true
::linsert,,2,2,0,1,3,2,0,2,true
::logger::levels,,2,2,0,1,0,2,2,0,true
::logger::setlevel,,2,0,2,2,1,2,0,2,true
::lreverse,,2,2,0,1,1,2,0,2,true
::lsort,,2,2,0,1,4,2,0,2,true
::math::constants::print-constants,,2,0,2,1,0,1,2,0,true
::math::geometry::angle,,2,2,0,1,1,2,0,2,true
::math::geometry::direction,,2,2,0,1,1,2,0,2,true
::math::interpolate::defineTable,,2,2,0,1,3,2,2,0,true
::math::polynomials::addPolyn,,2,2,0,1,2,2,0,2,true
::math::polynomials::degreePolyn,,2,2,0,1,1,2,0,2,true
::math::polynomials::evalPolyn,,2,2,0,1,2,2,0,2,true
::math::polynomials::remainderPolyn,,2,2,0,1,2,2,0,2,true
::math::rationalfunctions::addRatio,,2,2,0,1,2,2,0,2,true
::math::special::cn,,2,2,0,1,2,2,2,0,true
::math::special::laguerre,,2,2,0,1,2,2,0,2,true
::math::statistics::autocorr,,2,2,0,1,1,2,0,2,true
::math::statistics::mean-histogram-limits,,2,2,0,1,2,1,2,0,true
::math::statistics::number,,2,2,0,1,1,2,0,2,true
::math::statistics::quantiles,,2,2,0,1,2,1,0,2,true
::math::statistics::test-Rchart,,2,2,0,1,2,2,0,2,true
::math::statistics::test-xbar,,2,2,0,1,2,2,0,2,true
::math::trig::degree_reduced,,2,2,0,1,1,2,0,2,true
::mime::finalize,,2,0,2,1,3,2,0,2,true
::mime::parsedatetime,,2,2,0,1,2,2,2,0,true
::mime::setheader,,2,0,2,1,5,2,0,2,true
::mime::uniqueID,,2,2,0,1,0,2,2,0,true
::nettool::allocate_port,,2,2,0,1,1,2,2,0,true
::pki::sign,,2,2,0,1,3,2,0,2,true
::pki::verify,,2,2,0,1,3,2,0,2,true
::pki::x509::parse_cert,,2,2,0,1,1,2,0,2,true
::platform::identify,,2,2,0,1,0,2,2,0,true
::pop3::last,,2,2,0,1,1,2,0,2,true
::safe::interpAddToAccessPath,,2,1,1,1,2,2,0,2,true
::seek,,2,0,2,1,2,2,0,2,true
::simulation::annealing::findCombinatorialMinimum,,2,2,0,1,8,2,0,2,true
::simulation::annealing::findMinimum,,2,2,0,1,8,2,2,0,true
::simulation::montecarlo::integral2D,,2,2,0,1,2,2,2,0,true
::simulation::random::prng_Normal,,2,2,0,1,2,2,2,0,true
::string,range,2,2,0,1,4,2,0,2,true
::struct::disjointset,,2,1,1,1,1,2,2,0,true
::struct::list,flatten,2,2,0,1,3,2,0,2,true
::struct::matrix,,2,0,2,1,1,2,1,1,true
::tcl::mathfunc::max,,2,2,0,2,1,1,0,2,true
::tcltest::getMatchingFiles,,2,2,0,2,0,2,2,0,true
::tcltest::interpreter,,2,2,0,1,0,2,2,0,true
::textutil::adjust::indent,,2,2,0,2,2,1,0,2,true
::textutil::wcswidth_type,,2,0,2,1,1,2,1,1,true
::time::cleanup,,2,0,2,1,1,2,0,2,true
::trace,add,2,0,2,1,5,2,0,2,true
::trace,remove,2,0,2,1,5,2,0,2,true
::ttk::button,,2,0,2,1,5,1,0,2,true
::ttk::style,lookup,2,2,0,1,3,2,2,0,true
::update,,2,0,2,2,0,2,2,0,true
::upvar,,2,0,2,1,3,2,0,2,true
::vwait,,2,0,2,1,1,2,1,1,true
::websocket::loglevel,,2,0,2,1,1,2,2,0,true
::yield,,2,0,2,1,1,2,0,2,true
<,,2,0,2,1,0,2,2,0,true
>,,2,0,2,1,0,2,2,0,true
SASL::step,,2,0,2,1,2,2,0,2,true
aes::aes,,2,2,0,1,10,2,0,2,true
after,15,2,2,0,1,2,1,0,2,true
after,1500,2,0,2,1,1,2,2,0,true
after,250,2,0,2,1,2,2,2,0,true
after,400,2,0,2,2,1,1,1,1,true
bench::del,,2,2,0,2,2,2,0,2,true
bench::edit,,2,2,0,2,3,2,0,2,true
bench::locate,,2,2,0,2,2,2,0,2,true
bench::norm,,2,2,0,2,2,2,0,2,true
bench::versions,,2,2,0,2,1,2,0,2,true
canvas,.h.c2,2,0,2,1,7,2,2,0,true
canvas,.v.c,2,0,2,1,7,2,2,0,true
canvas,.v.c2,2,0,2,1,7,2,2,0,true
canvas,.v.c3,2,0,2,1,7,2,2,0,true
chan,copy,2,0,2,1,3,2,0,2,true
chan,gets,2,1,1,2,2,2,1,1,true
cmdline::getoptions,,2,2,0,1,2,1,0,2,true
comm::comm,new,2,2,0,1,8,1,0,2,true
console,eval,2,0,2,1,2,2,2,0,true
counter::count,,2,0,2,1,2,2,0,2,true
dict,rmerge,2,2,0,1,2,1,0,2,true
dict,update,2,0,2,1,5,2,0,2,true
dns::cleanup,,2,0,2,1,1,2,0,2,true
dns::error,,2,2,0,1,1,2,0,2,true
dns::resolve,,2,2,0,1,3,2,0,2,true
doctools::html::cssdefaults::contents,,2,2,0,1,0,2,2,0,true
doctools::msgcat::init,,2,0,2,1,1,2,2,0,true
doctools::new,,2,0,2,1,1,1,2,0,true
doctools::nroff::man_macros::contents,,2,2,0,1,0,2,2,0,true
encoding,<dynamic>,2,2,0,1,1,2,0,2,true
entry,.loc,2,0,2,1,11,2,2,0,true
event,delete,2,0,2,2,2,1,0,2,true
file,channels,2,2,0,2,2,2,2,0,true
file,isfile,2,1,1,1,2,2,0,2,true
file,lstat,2,0,2,2,3,2,0,2,true
file,tildeexpand,2,2,0,1,2,2,0,2,true
fileutil::find,,2,2,0,1,2,2,0,2,true
font,config,2,2,0,1,2,2,2,0,true
ftp::Append,,2,0,2,1,3,2,0,2,true
ftp::ModTime,,2,1,1,1,2,2,0,2,true
ftp::Newer,,2,0,2,1,2,2,0,2,true
ftp::Reget,,2,0,2,1,2,2,0,2,true
ftp::Rename,,2,0,2,1,3,2,0,2,true
ftp::RmDir,,2,0,2,1,2,2,0,2,true
grid,.c,2,0,2,2,5,1,2,0,true
grid,.can,2,0,2,2,3,2,2,0,true
grid,.cp.g:l,2,0,2,1,7,2,2,0,true
grid,.cp.h:l,2,0,2,1,7,2,2,0,true
grid,.cp.j:l,2,0,2,1,7,2,2,0,true
grid,.cp.j:sp1,2,0,2,1,7,2,2,0,true
grid,.cp.k:l,2,0,2,1,7,2,2,0,true
grid,.cp.m:l,2,0,2,1,7,2,2,0,true
grid,.cp.n:l,2,0,2,1,7,2,2,0,true
grid,.m.area,2,0,2,1,7,2,2,0,true
grid,.m.box,2,0,2,1,7,2,2,0,true
grid,.m.track,2,0,2,1,7,2,2,0,true
grid,.mod.right.about,2,0,2,1,11,2,2,0,true
grid,.sw,2,0,2,1,2,1,1,1,true
grid,content,2,2,0,1,2,1,1,1,true
grid,slaves,2,2,0,1,2,2,0,2,true
hook,bind,2,1,1,1,1,1,1,1,true
html::meta,,2,0,2,1,2,2,0,2,true
htmlparse::mapEscapes,,2,2,0,2,1,2,0,2,true
imap4::isableto,,2,2,0,1,1,1,0,2,true
import,,2,0,2,1,2,1,1,1,true
info,library,2,2,0,2,1,2,2,0,true
info,var,2,2,0,1,2,2,2,0,true
interp,aliases,2,2,0,2,1,2,2,0,true
interp,invokehidden,2,0,2,1,5,1,0,2,true
ip::contract,,2,2,0,1,1,2,0,2,true
ip::prefix,,2,2,0,1,1,2,0,2,true
ip::prefixToNative,,2,2,0,1,1,2,0,2,true
itcl::body,,2,0,2,1,3,2,2,0,true
itcl::code,,2,2,0,1,2,2,0,2,true
listbox,.lb,2,0,2,1,7,2,2,0,true
logger::import,,2,0,2,1,4,1,2,0,true
logger::servicecmd,,2,2,0,1,1,2,0,2,true
math::bignum::bits,,2,2,0,1,1,2,0,2,true
math::bignum::pow,,2,2,0,1,2,2,0,2,true
menu,.m1,2,0,2,1,1,1,2,0,true
menu,.menu,2,0,2,1,3,1,1,1,true
menu,.menu.file,2,0,2,1,3,1,1,1,true
menu,.menubar.help,2,1,1,1,1,1,2,0,true
mime::copymessage,,2,0,2,1,2,2,0,2,true
mime::setheader,,2,0,2,1,3,1,0,2,true
msgcat::mcload,,2,0,2,2,1,2,0,2,true
msgcat::mcpreferences,,2,2,0,2,0,2,2,0,true
my,DumpSubtree,2,0,2,1,2,2,0,2,true
my,add,2,0,2,1,2,2,1,1,true
my,code,2,0,2,1,3,2,2,0,true
my,define,2,0,2,1,4,2,2,0,true
my,getONSClass,2,0,2,2,1,2,2,0,true
my,scan,2,0,2,1,3,2,0,2,true
my,shed,2,0,2,1,4,2,2,0,true
nameserv::common::port,,2,2,0,1,0,2,2,0,true
ncgi::valueList,,2,2,0,1,1,1,0,2,true
option,-actions,2,0,2,1,3,2,2,0,true
option,-any,2,0,2,1,2,2,2,0,true
option,-borderwidth,2,0,2,1,3,2,2,0,true
option,-browsecmd,2,0,2,1,2,1,2,0,true
option,-callback,2,0,2,2,2,1,2,0,true
option,-channel,2,0,2,1,5,2,2,0,true
option,-closebutton,2,0,2,1,3,1,2,0,true
option,-closed,2,0,2,1,5,1,2,0,true
option,-column,2,0,2,1,3,2,2,0,true
option,-convex,2,0,2,1,7,2,2,0,true
option,-dateformat,2,0,2,1,5,2,2,0,true
option,-dialcolor,2,0,2,1,3,2,2,0,true
option,-file,2,0,2,1,5,2,2,0,true
option,-highlightthickness,2,0,2,1,3,2,2,0,true
option,-in,2,0,2,1,3,2,2,0,true
option,-indexid,2,0,2,1,3,2,2,0,true
option,-labels,2,0,2,1,3,2,2,0,true
option,-language,2,0,2,1,5,2,2,0,true
option,-line,2,0,2,1,3,2,2,0,true
option,-listvariable,2,0,2,1,5,2,2,0,true
option,-maxlen,2,0,2,1,3,2,2,0,true
option,-minlen,2,0,2,1,5,2,2,0,true
option,-mode,2,0,2,2,2,1,2,0,true
option,-number,2,0,2,1,7,2,2,0,true
option,-out,2,0,2,1,3,2,2,0,true
option,-progress,2,0,2,1,3,2,2,0,true
option,-readonly,2,0,2,1,5,2,2,0,true
option,-rect-config,2,0,2,1,3,1,2,0,true
option,-relief,2,0,2,1,3,2,2,0,true
option,-skin-add,2,0,2,1,5,2,2,0,true
option,-skin-img-add,2,0,2,1,5,2,2,0,true
option,-skin-img-remove,2,0,2,1,5,2,2,0,true
option,-skin-invalid-color,2,0,2,1,5,2,2,0,true
option,-skin-remove,2,0,2,1,5,2,2,0,true
option,-skin-tip-add,2,0,2,1,5,2,2,0,true
option,-skin-tip-add-none,2,0,2,1,5,2,2,0,true
option,-skin-tip-duplicate,2,0,2,1,5,2,2,0,true
option,-skin-tip-empty,2,0,2,1,5,2,2,0,true
option,-skin-tip-entry,2,0,2,1,5,2,2,0,true
option,-skin-tip-list,2,0,2,1,5,2,2,0,true
option,-skin-tip-main,2,0,2,1,5,2,2,0,true
option,-skin-tip-remove,2,0,2,1,5,2,2,0,true
option,-skin-tip-remove-none,2,0,2,1,5,2,2,0,true
option,-textvariable,2,0,2,1,5,2,2,0,true
option,-tie,2,0,2,2,5,2,2,0,true
option,-type,2,0,2,2,3,1,2,0,true
option,-validate,2,0,2,1,5,2,2,0,true
option,-zoom,2,0,2,1,5,1,1,1,true
option,<dynamic>,2,2,0,1,1,2,0,2,true
option,color,2,0,2,1,2,2,2,0,true
pack,.base.dateTime,2,0,2,1,5,2,2,0,true
pack,.dateTime,2,0,2,1,5,2,2,0,true
pack,.e,2,0,2,1,7,1,2,0,true
pack,.exit,2,0,2,1,7,2,2,0,true
pack,.l.t,2,0,2,2,5,2,2,0,true
pack,.loc,2,0,2,1,7,2,2,0,true
pack,.pack.a,2,0,2,1,3,1,2,0,true
pack,.pack.b,2,0,2,1,3,1,2,0,true
pack,.picture,2,0,2,1,5,2,2,0,true
pack,.pos,2,0,2,1,3,2,2,0,true
pack,.shfl,2,0,2,1,7,2,2,0,true
pack,.spacer,2,0,2,1,8,2,2,0,true
pack,.sw,2,0,2,1,7,2,2,0,true
pack,.t.anchorLabel,2,0,2,1,6,1,2,0,true
pack,.t.b1,2,0,2,1,15,2,2,0,true
pack,.t.c1,2,0,2,1,15,2,2,0,true
pack,.t.c2,2,0,2,2,1,1,2,0,true
pack,.t.control,2,0,2,1,7,2,2,0,true
pack,.t.control.left,2,0,2,1,8,2,2,0,true
pack,.t.f,2,0,2,1,5,1,2,0,true
pack,.t.f1,2,0,2,1,7,2,2,0,true
pack,.t.f2,2,0,2,1,7,2,2,0,true
pack,.t.f3,2,0,2,1,7,2,2,0,true
pack,.t.f4,2,0,2,1,7,2,2,0,true
pack,.t.l1,2,0,2,1,15,2,2,0,true
pack,.t.r1,2,0,2,1,15,2,2,0,true
pack,.t.top,2,0,2,1,3,1,2,0,true
pack,.txt,2,0,2,1,5,2,2,0,true
pack,.v.c,2,0,2,1,7,2,2,0,true
package,names,2,2,0,2,1,2,2,0,true
pkg_mkIndex,,2,0,2,1,1,2,0,2,true
place,.t.s,2,0,2,1,3,2,2,0,true
sha1::hmac,,2,1,1,1,4,2,0,2,true
sha2::sha256,,2,2,0,1,2,2,0,2,true
string,bytelength,2,2,0,1,2,2,0,2,true
string,reverse,2,2,0,2,2,2,0,2,true
struct::list,map,2,2,0,1,3,2,0,2,true
struct::set,include,2,0,2,1,3,2,0,2,true
struct::stack,,2,2,0,1,1,2,2,0,true
tcl::chan::memchan,,2,2,0,1,0,2,2,0,true
tcl::prefix,longest,2,2,0,1,3,2,0,2,true
tcltest::customMatch,,2,0,2,1,2,2,2,0,true
tcltest::temporaryDirectory,,2,2,0,1,0,2,2,0,true
term::ansi::send::clear,,2,0,2,2,0,2,2,0,true
term::ansi::send::eeol,,2,0,2,2,0,2,2,0,true
term::ansi::send::import,,2,0,2,1,1,2,2,0,true
text,.l.t,2,0,2,2,9,2,2,0,true
text,.txt,2,0,2,1,13,2,0,2,true
textutil::wcswidth,,2,2,0,1,1,2,0,2,true
tk_optionMenu,,2,1,1,1,5,1,0,2,true
winfo,<dynamic>,2,2,0,1,2,2,0,2,true
winfo,depth,2,2,0,1,2,2,2,0,true
winfo,geom,2,2,0,1,2,2,1,1,true
winfo,isdark,2,2,0,1,2,2,2,0,true
winfo,vrootx,2,2,0,2,2,2,0,2,true
wm,manage,2,0,2,2,2,2,0,2,true
zipfile::decode::archive,,2,2,0,1,0,2,2,0,true
zipfile::decode::close,,2,0,2,1,0,2,2,0,true
zipfile::decode::open,,2,0,2,1,1,2,0,2,true
zlib,compress,2,2,0,2,2,2,0,2,true
zlib,inflate,2,2,0,1,2,2,0,2,true
zlib,push,2,0,2,1,3,2,0,2,true
::after,0,1,0,1,1,2,1,0,1,true
::after,120000,1,0,1,1,2,1,1,0,true
::asn::asnGetUTF8String,,1,0,1,1,2,1,1,0,true
::asn::asnOctetString,,1,1,0,1,1,1,0,1,true
::asn::asnPrintableString,,1,1,0,1,1,1,0,1,true
::asn::asnSet,,1,1,0,1,1,1,0,1,true
::asn::asnUTF8String,,1,1,0,1,1,1,0,1,true
::chan,puts,1,0,1,1,2,1,0,1,true
::comm::comm,abort,1,0,1,1,1,1,1,0,true
::comm::comm,config,1,0,1,1,3,1,1,0,true
::cron::cancel,,1,0,1,1,1,1,1,0,true
::cron::clock_set,,1,0,1,1,1,1,0,1,true
::cron::in,,1,0,1,1,2,1,1,0,true
::dict,for,1,0,1,1,4,1,0,1,true
::dict,getnull,1,1,0,1,3,1,0,1,true
::dns::address,,1,1,0,1,1,1,0,1,true
::dns::resolve,,1,1,0,1,3,1,0,1,true
::dns::wait,,1,0,1,1,1,1,0,1,true
::fconfigure,,1,0,1,1,3,1,0,1,true
::fileutil::foreachLine,,1,0,1,1,3,1,0,1,true
::fileutil::tempfile,,1,1,0,1,1,1,1,0,true
::for,,1,0,1,1,4,1,1,0,true
::grab,<dynamic>,1,0,1,1,1,1,0,1,true
::grab,current,1,1,0,1,1,1,1,0,true
::grammar::fa::op::constructor,,1,0,1,1,1,1,1,0,true
::http::config,,1,0,1,1,2,1,0,1,true
::http::formatQuery,,1,1,0,1,1,1,0,1,true
::http::register,,1,0,1,1,3,1,1,0,true
::http::status,,1,1,0,1,1,1,0,1,true
::info,cmdcount,1,1,0,1,1,1,1,0,true
::info,commands,1,1,0,1,2,1,0,1,true
::interp,eval,1,0,1,1,3,1,0,1,true
::ip::ipToLayer2Multicast,,1,0,1,1,1,1,1,0,true
::ip::reduceToAggregates,,1,0,1,1,1,1,1,0,true
::lassign,,1,1,0,1,3,1,0,1,true
::log::lvChannelForall,,1,0,1,1,1,1,1,0,true
::log::lvCmd,,1,0,1,1,2,1,1,0,true
::log::lvCmdForall,,1,0,1,1,1,1,1,0,true
::lsearch,,1,1,0,1,3,1,0,1,true
::math::PCA::createPCA,,1,1,0,1,1,1,0,1,true
::math::bignum::clearbit,,1,0,1,1,2,1,0,1,true
::math::bignum::rshift,,1,1,0,1,2,1,0,1,true
::math::choose,,1,1,0,1,2,1,0,1,true
::math::fourier::lowpass,,1,1,0,1,2,1,0,1,true
::math::geometry::calculateDistanceToPolyline,,1,1,0,1,2,1,0,1,true
::math::geometry::findLineSegmentIntersection,,1,1,0,1,2,1,0,1,true
::math::geometry::intersectionLineWithCircle,,1,1,0,1,2,1,0,1,true
::math::geometry::lineIntersectsCircle,,1,1,0,1,2,1,0,1,true
::math::geometry::lineSegmentIntersectsCircle,,1,1,0,1,2,1,0,1,true
::math::geometry::lineSegmentsIntersect,,1,1,0,1,2,1,0,1,true
::math::linearalgebra::choleski,,1,1,0,1,1,1,0,1,true
::math::linearalgebra::determineSVD,,1,1,0,1,1,1,0,1,true
::math::linearalgebra::mkMoler,,1,1,0,1,1,1,1,0,true
::math::linearalgebra::mkRandom,,1,1,0,1,1,1,1,0,true
::math::linearalgebra::mkVector,,1,1,0,1,1,1,1,0,true
::math::linearalgebra::normMatrix,,1,1,0,1,1,1,0,1,true
::math::linearalgebra::orthonormalizeRows,,1,1,0,1,1,1,0,1,true
::math::linearalgebra::solvePGauss,,1,0,1,1,2,1,0,1,true
::math::linearalgebra::transpose,,1,1,0,1,1,1,0,1,true
::math::ln_Gamma,,1,1,0,1,1,1,0,1,true
::math::polynomials::coeffPolyn,,1,1,0,1,2,1,0,1,true
::math::polynomials::derivPolyn,,1,1,0,1,1,1,0,1,true
::math::polynomials::multPolyn,,1,1,0,1,2,1,0,1,true
::math::polynomials::polynCmd,,1,1,0,1,1,1,1,0,true
::math::polynomials::primitivePolyn,,1,1,0,1,1,1,0,1,true
::math::polynomials::subPolyn,,1,1,0,1,2,1,0,1,true
::math::rationalfunctions::coeffsDenominator,,1,1,0,1,1,1,0,1,true
::math::rationalfunctions::multRatio,,1,1,0,1,2,1,0,1,true
::math::rationalfunctions::ratioCmd,,1,1,0,1,2,1,1,0,true
::math::rationalfunctions::subRatio,,1,1,0,1,2,1,0,1,true
::math::roman::sort,,1,1,0,1,1,1,0,1,true
::math::special::I_n,,1,1,0,1,2,1,0,1,true
::math::special::J0,,1,1,0,1,1,1,0,1,true
::math::special::J1,,1,1,0,1,1,1,0,1,true
::math::special::chebyshev,,1,1,0,1,1,1,0,1,true
::math::special::elliptic_E,,1,1,0,1,1,1,0,1,true
::math::special::elliptic_K,,1,1,0,1,1,1,0,1,true
::math::special::hermite,,1,1,0,1,1,1,0,1,true
::math::special::legendre,,1,1,0,1,1,1,0,1,true
::math::statistics::control-Rchart,,1,1,0,1,1,1,0,1,true
::math::statistics::control-xbar,,1,1,0,1,1,1,0,1,true
::math::statistics::max,,1,1,0,1,1,1,0,1,true
::math::statistics::min,,1,1,0,1,1,1,0,1,true
::math::statistics::pvar,,1,1,0,1,1,1,0,1,true
::math::statistics::var,,1,1,0,1,1,1,0,1,true
::math::trig::cosd,,1,1,0,1,1,1,0,1,true
::math::trig::radian_reduced,,1,1,0,1,1,1,0,1,true
::math::trig::sind,,1,1,0,1,1,1,0,1,true
::math::trig::tand,,1,1,0,1,1,1,0,1,true
::mime::buildmessage,,1,0,1,1,1,1,0,1,true
::mime::copymessage,,1,0,1,1,2,1,0,1,true
::mime::getheader,,1,1,0,1,2,1,0,1,true
::namespace,children,1,1,0,1,2,1,0,1,true
::nettool::find_port,,1,1,0,1,1,1,0,1,true
::nmea::log,,1,0,1,1,1,1,1,0,true
::page::util::norm::lemon,,1,0,1,1,1,1,1,0,true
::page::util::norm::peg,,1,0,1,1,1,1,1,0,true
::picoirc::post,,1,0,1,1,3,1,0,1,true
::pki::encrypt,,1,1,0,1,6,1,0,1,true
::pki::pkcs::parse_csr,,1,1,0,1,1,1,0,1,true
::pki::pkcs::parse_key,,1,1,0,1,1,1,0,1,true
::pop3::config,,1,1,0,1,1,1,0,1,true
::pop3::status,,1,1,0,1,1,1,0,1,true
::report::report,,1,0,1,1,6,1,1,0,true
::scan,,1,1,0,1,2,1,0,1,true
::sha1::hmac,,1,1,0,1,2,1,0,1,true
::simulation::montecarlo::singleExperiment,,1,0,1,1,14,1,1,0,true
::simulation::random::prng_Bernoulli,,1,1,0,1,1,1,1,0,true
::simulation::random::prng_Discrete,,1,1,0,1,1,1,1,0,true
::simulation::random::prng_Poisson,,1,1,0,1,1,1,0,1,true
::simulation::random::prng_Rectangle,,1,1,0,1,2,1,1,0,true
::string,map,1,1,0,1,3,1,0,1,true
::struct::list,lcsInvert,1,1,0,1,4,1,0,1,true
::struct::list,lcsInvert2,1,1,0,1,5,1,0,1,true
::struct::queue,,1,1,0,1,1,1,1,0,true
::struct::set,symdiff,1,1,0,1,3,1,0,1,true
::tcl::OptProc,,1,0,1,1,3,1,1,0,true
::tcl::OptProcArgGiven,,1,1,0,1,1,1,1,0,true
::tcl::mathfunc::min,,1,1,0,1,1,1,0,1,true
::tcl::mathop::+,,1,0,1,1,1,1,0,1,true
::tcltest::makeFile,,1,1,0,1,2,1,1,0,true
::tcltest::temporaryDirectory,,1,1,0,1,0,1,1,0,true
::term::ansi::code::attr::names,,1,1,0,1,0,1,1,0,true
::term::ansi::code::ctrl::names,,1,1,0,1,0,1,1,0,true
::textutil::adjust::adjust,,1,1,0,1,3,1,0,1,true
::textutil::adjust::undent,,1,1,0,1,1,1,0,1,true
::textutil::string::longestCommonPrefixList,,1,1,0,1,1,1,0,1,true
::textutil::tabify::untabify2,,1,1,0,1,2,1,0,1,true
::tie::untie,,1,0,1,1,1,1,1,0,true
::time,,1,1,0,1,2,1,1,0,true
::time::error,,1,1,0,1,1,1,0,1,true
::time::unixtime,,1,1,0,1,1,1,0,1,true
::try,,1,0,1,1,1,1,0,1,true
::ttk::label,,1,0,1,1,7,1,0,1,true
::ttk::style,map,1,0,1,1,4,1,0,1,true
::ttk::treeview,.tv,1,0,1,1,15,1,0,1,true
::unicode::fromstring,,1,1,0,1,1,1,0,1,true
::unicode::normalize,,1,1,0,1,2,1,0,1,true
::unicode::tostring,,1,0,1,1,1,1,0,1,true
::uri::register,,1,0,1,1,2,1,1,0,true
::uuid::uuid,generate,1,1,0,1,1,1,1,0,true
::websocket::live,,1,0,1,1,3,1,0,1,true
::websocket::send,,1,0,1,1,3,1,0,1,true
::websocket::server,,1,0,1,1,1,1,0,1,true
::websocket::upgrade,,1,0,1,1,1,1,0,1,true
::while,,1,0,1,1,2,1,1,0,true
::zlib,crc32,1,1,0,1,2,1,0,1,true
::zlib,deflate,1,1,0,1,2,1,0,1,true
::zlib,stream,1,1,0,1,2,1,1,0,true
SASL::configure,,1,0,1,1,3,1,0,1,true
after,120000,1,1,0,1,2,1,0,1,true
after,2,1,1,0,1,2,1,0,1,true
after,25000,1,1,0,1,2,1,0,1,true
after,3500,1,0,1,1,2,1,1,0,true
after,60,1,0,1,1,1,1,1,0,true
after,9999,1,0,1,1,2,1,0,1,true
array,default,1,0,1,1,4,1,0,1,true
array,donesearch,1,0,1,1,3,1,0,1,true
array,nextelement,1,1,0,1,3,1,0,1,true
array,startsearch,1,1,0,1,2,1,1,0,true
array,statistics,1,1,0,1,2,1,1,0,true
autoproxy::init,,1,0,1,1,0,1,1,0,true
base64::decode,,1,1,0,1,1,1,0,1,true
bee::decodeCancel,,1,0,1,1,1,1,0,1,true
bibtex::addStrings,,1,0,1,1,2,1,0,1,true
bibtex::parse,,1,0,1,1,5,1,0,1,true
canvas,.b.c,1,0,1,1,3,1,1,0,true
canvas,.c5,1,1,0,1,1,1,1,0,true
canvas,.c6,1,1,0,1,1,1,1,0,true
canvas,.c7,1,1,0,1,1,1,1,0,true
canvas,.c8,1,1,0,1,1,1,1,0,true
canvas,.cnv,1,0,1,1,5,1,1,0,true
canvas,.dipole.c,1,0,1,1,7,1,1,0,true
canvas,.graph.c,1,0,1,1,5,1,1,0,true
canvas,.h3.c,1,0,1,1,7,1,1,0,true
canvas,.h3.c2,1,0,1,1,7,1,1,0,true
canvas,.h3.c3,1,0,1,1,7,1,1,0,true
canvas,.invisibleCanvas,1,0,1,1,1,1,1,0,true
canvas,.rchart.c,1,0,1,1,7,1,1,0,true
canvas,.t.c2,1,0,1,1,7,1,1,0,true
canvas,.t.c3,1,0,1,1,7,1,1,0,true
canvas,.t.c4,1,0,1,1,7,1,1,0,true
canvas,.t.f.c,1,0,1,1,9,1,1,0,true
canvas,.t2.c,1,0,1,1,7,1,1,0,true
canvas,.t2.c2,1,0,1,1,7,1,1,0,true
chan,create,1,1,0,1,3,1,1,0,true
chan,push,1,0,1,1,3,1,0,1,true
consoleinterp,record,1,1,0,1,2,1,0,1,true
counter::get,,1,1,0,1,2,1,0,1,true
counter::init,,1,0,1,1,1,1,0,1,true
counter::reset,,1,0,1,1,1,1,0,1,true
crc::crc32,,1,1,0,1,3,1,0,1,true
cron::in,,1,0,1,1,2,1,1,0,true
debug,==CALLING exifSubIFD==,1,0,1,1,1,1,1,0,true
debug,EOI,1,0,1,1,1,1,1,0,true
debug,Intel byte alignment,1,0,1,1,1,1,1,0,true
debug,Motorola byte alignment,1,0,1,1,1,1,1,0,true
debug,Reading EXIF data,1,0,1,1,1,1,1,0,true
debug,SOI,1,0,1,1,1,1,1,0,true
dns::address,,1,1,0,1,1,1,0,1,true
dns::configure,,1,0,1,1,2,1,0,1,true
dns::errorcode,,1,1,0,1,1,1,0,1,true
dns::nameservers,,1,1,0,1,0,1,1,0,true
dns::status,,1,1,0,1,1,1,0,1,true
dns::wait,,1,0,1,1,1,1,0,1,true
encoding,names,1,1,0,1,1,1,1,0,true
entry,.___e,1,1,0,1,1,1,1,0,true
entry,.compose.logmessage,1,0,1,1,3,1,1,0,true
entry,.cp.grd.e1,1,0,1,1,5,1,1,0,true
entry,.cp.grd.e2,1,0,1,1,5,1,1,0,true
entry,.cp.grd.e3,1,0,1,1,5,1,1,0,true
entry,.cp.grd.e4,1,0,1,1,5,1,1,0,true
entry,.dlg.e,1,0,1,1,5,1,1,0,true
entry,.e1,1,0,1,1,3,1,1,0,true
entry,.e2,1,0,1,1,3,1,1,0,true
entry,.e3,1,0,1,1,3,1,1,0,true
entry,.extras.elat,1,0,1,1,7,1,1,0,true
entry,.extras.elon,1,0,1,1,7,1,1,0,true
entry,.f.e1,1,0,1,1,3,1,1,0,true
entry,.f.e2,1,0,1,1,3,1,1,0,true
entry,.focus.e,1,0,1,1,1,1,1,0,true
entry,.installPath,1,0,1,1,3,1,1,0,true
entry,.op.f.f1.directory.e,1,0,1,1,3,1,1,0,true
entry,.op.f.f1.password.e,1,0,1,1,5,1,1,0,true
entry,.op.f.f1.port.e,1,0,1,1,3,1,1,0,true
entry,.op.f.f1.server.e,1,0,1,1,3,1,1,0,true
entry,.op.f.f1.username.e,1,0,1,1,3,1,1,0,true
entry,.op.f.f2.loops.e,1,0,1,1,5,1,1,0,true
entry,.srchtext,1,0,1,1,3,1,1,0,true
entry,.t.e,1,0,1,1,1,1,1,0,true
eof,,1,1,0,1,1,1,0,1,true
event,info,1,1,0,1,1,1,1,0,true
file,<dynamic>,1,1,0,1,2,1,0,1,true
fileutil::fullnormalize,,1,1,0,1,1,1,0,1,true
font,,1,1,0,1,0,1,1,0,true
ftp::MkDir,,1,0,1,1,2,1,0,1,true
ftp::Open,,1,1,0,1,5,1,0,1,true
generator,to,1,1,0,1,3,1,0,1,true
gpx::Cleanup,,1,0,1,1,1,1,0,1,true
gpx::Create,,1,1,0,1,2,1,0,1,true
grammar::me::tcl::icl_get,,1,1,0,1,0,1,1,0,true
grammar::me::tcl::ier_get,,1,1,0,1,0,1,1,0,true
grid,.botleft,1,0,1,1,6,1,1,0,true
grid,.c1,1,0,1,1,1,1,1,0,true
grid,.c2,1,0,1,1,1,1,1,0,true
grid,.c3,1,0,1,1,1,1,1,0,true
grid,.clr,1,0,1,1,7,1,1,0,true
grid,.code,1,0,1,1,4,1,1,0,true
grid,.compose,1,0,1,1,3,1,1,0,true
grid,.compose.levels,1,0,1,1,3,1,1,0,true
grid,.compose.logmessage,1,0,1,1,3,1,1,0,true
grid,.cp.grd.b1,1,0,1,1,8,1,1,0,true
grid,.cp.grd.b2,1,0,1,1,8,1,1,0,true
grid,.cp.grd.b3,1,0,1,1,8,1,1,0,true
grid,.cp.grd.b4,1,0,1,1,8,1,1,0,true
grid,.cp.grd.l1,1,0,1,1,9,1,1,0,true
grid,.cp.p:l,1,0,1,1,7,1,1,0,true
grid,.dist,1,0,1,1,7,1,1,0,true
grid,.dlg.b,1,0,1,1,8,1,1,0,true
grid,.dlg.e,1,0,1,1,4,1,1,0,true
grid,.dlg.l,1,0,1,1,4,1,1,0,true
grid,.dlg.ok,1,0,1,1,4,1,1,0,true
grid,.dlg.txt,1,0,1,1,4,1,1,0,true
grid,.em.fr.cb,1,0,1,1,7,1,1,0,true
grid,.em.fr.win,1,0,1,1,5,1,1,0,true
grid,.exit,1,0,1,1,7,1,1,0,true
grid,.extras.lambda_0,1,0,1,1,4,1,1,0,true
grid,.extras.llat,1,0,1,1,4,1,1,0,true
grid,.extras.llon,1,0,1,1,4,1,1,0,true
grid,.extras.phi_0,1,0,1,1,4,1,1,0,true
grid,.extras.phi_1,1,0,1,1,4,1,1,0,true
grid,.extras.phi_2,1,0,1,1,4,1,1,0,true
grid,.f.tbl0,1,0,1,1,8,1,0,1,true
grid,.f.tbl2,1,0,1,1,8,1,0,1,true
grid,.f.tbl4,1,0,1,1,8,1,0,1,true
grid,.f.tbl6,1,0,1,1,8,1,0,1,true
grid,.goto,1,0,1,1,7,1,1,0,true
grid,.graph.c,1,0,1,1,2,1,1,0,true
grid,.graph.ok,1,0,1,1,2,1,1,0,true
grid,.help.licence.t,1,0,1,1,4,1,1,0,true
grid,.ld,1,0,1,1,7,1,1,0,true
grid,.loc,1,0,1,1,7,1,1,0,true
grid,.log,1,0,1,1,3,1,1,0,true
grid,.log.buttons,1,0,1,1,5,1,1,0,true
grid,.log.buttons.elide,1,0,1,1,3,1,1,0,true
grid,.log.buttons.elide.toggletime,1,0,1,1,2,1,1,0,true
grid,.log.buttons.elidelevels,1,0,1,1,3,1,1,0,true
grid,.log.text,1,0,1,1,4,1,1,0,true
grid,.m.areas,1,0,1,1,7,1,1,0,true
grid,.m.boxes,1,0,1,1,7,1,1,0,true
grid,.m.point,1,0,1,1,7,1,1,0,true
grid,.m.points,1,0,1,1,7,1,1,0,true
grid,.m.tracks,1,0,1,1,7,1,1,0,true
grid,.mod.left,1,0,1,1,7,1,1,0,true
grid,.mod.right,1,0,1,1,7,1,1,0,true
grid,.mod.right.details,1,0,1,1,11,1,1,0,true
grid,.next,1,0,1,1,2,1,1,0,true
grid,.sl,1,0,1,1,9,1,1,0,true
grid,.srch,1,0,1,1,7,1,1,0,true
grid,.srchtext,1,0,1,1,9,1,1,0,true
grid,.sv,1,0,1,1,7,1,1,0,true
grid,.sx,1,0,1,1,3,1,1,0,true
grid,.t,1,0,1,1,5,1,1,0,true
grid,.topleft,1,0,1,1,4,1,1,0,true
grid,.tv,1,0,1,1,4,1,1,0,true
grid,.x,1,0,1,1,5,1,1,0,true
grid,.y,1,0,1,1,3,1,1,0,true
grid,column,1,0,1,1,5,1,0,1,true
grid,row,1,0,1,1,5,1,0,1,true
hook,configure,1,0,1,1,5,1,1,0,true
hook,forget,1,0,1,1,2,1,0,1,true
htmlparse::parse,,1,0,1,1,3,1,0,1,true
image,inuse,1,1,0,1,2,1,0,1,true
imap4::cleanup,,1,0,1,1,1,1,0,1,true
imap4::debugmode,,1,0,1,1,1,1,0,1,true
imap4::fetch,,1,1,0,1,4,1,0,1,true
imap4::login,,1,0,1,1,3,1,0,1,true
imap4::msginfo,,1,1,0,1,2,1,0,1,true
imap4::open,,1,1,0,1,1,1,0,1,true
imap4::select,,1,0,1,1,2,1,0,1,true
info,cmdcount,1,1,0,1,1,1,1,0,true
info,exist,1,1,0,1,2,1,0,1,true
info,globals,1,1,0,1,2,1,0,1,true
info,nameofexec,1,1,0,1,1,1,1,0,true
info,sharedlibextension,1,1,0,1,1,1,1,0,true
interp,hide,1,0,1,1,3,1,0,1,true
interp,slaves,1,1,0,1,2,1,0,1,true
interp,transfer,1,0,1,1,4,1,0,1,true
ip::mask,,1,1,0,1,1,1,0,1,true
ip::toHex,,1,1,0,1,1,1,0,1,true
link,,1,0,1,1,2,1,0,1,true
listbox,.listauto,1,0,1,1,3,1,0,1,true
listbox,.lm,1,0,1,1,7,1,1,0,true
listbox,.projs,1,0,1,1,7,1,0,1,true
listbox,.view.local.list,1,0,1,1,21,1,1,0,true
listbox,.view.remote.list,1,0,1,1,21,1,1,0,true
log::lvCmdForall,,1,0,1,1,1,1,1,0,true
logger::setlevel,,1,0,1,1,1,1,1,0,true
map::slippy::cache,,1,1,0,1,3,1,0,1,true
map::slippy::fetcher,,1,1,0,1,3,1,1,0,true
math::bignum::add,,1,1,0,1,2,1,0,1,true
math::bignum::setbit,,1,0,1,1,2,1,0,1,true
math::bignum::sub,,1,1,0,1,2,1,0,1,true
math::constants::constants,,1,0,1,1,3,1,1,0,true
md4::md4,,1,1,0,1,1,1,0,1,true
menu,.em.emPopupMenu,1,0,1,1,1,1,1,0,true
menu,.m2,1,0,1,1,3,1,1,0,true
menu,.me.menu,1,1,0,1,3,1,1,0,true
menu,.menu.help,1,0,1,1,3,1,1,0,true
menu,.menu.options,1,0,1,1,3,1,1,0,true
menu,.menu.view,1,0,1,1,3,1,1,0,true
menu,.menubar.edit,1,0,1,1,3,1,1,0,true
menu,.menubar.file,1,0,1,1,3,1,1,0,true
menu,.menubar.window,1,1,0,1,1,1,1,0,true
mime::getbody,,1,1,0,1,1,1,0,1,true
mime::parsedatetime,,1,1,0,1,2,1,1,0,true
mime::uniqueID,,1,1,0,1,0,1,1,0,true
my,Name2Node,1,1,0,1,2,1,0,1,true
my,Pstream,1,0,1,1,5,1,0,1,true
my,c_function,1,0,1,1,3,1,1,0,true
my,cmethod,1,0,1,1,3,1,1,0,true
my,exists,1,1,0,1,2,1,0,1,true
my,nodes,1,1,0,1,1,1,1,0,true
my,tcltype,1,0,1,1,3,1,1,0,true
nameserv::configure,,1,1,0,1,0,1,1,0,true
nameserv::protocol,,1,1,0,1,0,1,1,0,true
nameserv::release,,1,0,1,1,0,1,1,0,true
nameserv::server_features,,1,1,0,1,0,1,1,0,true
nameserv::server_protocol,,1,1,0,1,0,1,1,0,true
namespace,exists,1,0,1,1,2,1,0,1,true
namespace,unknown,1,0,1,1,1,1,1,0,true
ncgi::encode,,1,1,0,1,1,1,0,1,true
ncgi::header,,1,0,1,1,3,1,0,1,true
ncgi::nvlist,,1,1,0,1,0,1,1,0,true
ncgi::reset,,1,0,1,1,1,1,0,1,true
ncgi::setDefaultValueList,,1,0,1,1,2,1,0,1,true
next,,1,1,0,1,1,1,0,1,true
oo::copy,,1,1,0,1,1,1,0,1,true
option,-allow-duplicates,1,0,1,1,7,1,1,0,true
option,-alpha,1,0,1,1,5,1,1,0,true
option,-api,1,0,1,1,2,1,1,0,true
option,-arrowcolor,1,0,1,1,5,1,1,0,true
option,-arrowthickness,1,0,1,1,5,1,1,0,true
option,-attrsonly,1,0,1,1,3,1,1,0,true
option,-auto,1,0,1,1,7,1,0,1,true
option,-automap,1,0,1,1,2,1,0,1,true
option,-axiscolor,1,0,1,1,2,1,1,0,true
option,-axisfont,1,0,1,1,5,1,1,0,true
option,-axisformat,1,0,1,1,5,1,1,0,true
option,-axisstyle,1,0,1,1,3,1,1,0,true
option,-bandcolors,1,0,1,1,2,1,0,1,true
option,-barwidth,1,0,1,1,7,1,1,0,true
option,-baseurl,1,0,1,1,2,1,1,0,true
option,-bg,1,0,1,1,5,1,1,0,true
option,-bindwheel,1,0,1,1,5,1,1,0,true
option,-blocksize,1,0,1,1,5,1,1,0,true
option,-browse,1,0,1,1,5,1,1,0,true
option,-canvas,1,0,1,1,2,1,1,0,true
option,-center-mark,1,0,1,1,5,1,1,0,true
option,-check,1,0,1,1,2,1,1,0,true
option,-circle-config,1,0,1,1,3,1,1,0,true
option,-cmdip,1,0,1,1,2,1,1,0,true
option,-cmds,1,0,1,1,2,1,1,0,true
option,-columns,1,0,1,1,2,1,1,0,true
option,-dangercolor,1,0,1,1,3,1,1,0,true
option,-dangerlevel,1,0,1,1,3,1,1,0,true
option,-dangerwidth,1,0,1,1,3,1,1,0,true
option,-derefaliases,1,0,1,1,3,1,1,0,true
option,-directory,1,0,1,1,2,1,1,0,true
option,-drawaxle,1,0,1,1,2,1,1,0,true
option,-editdefault,1,0,1,1,2,1,1,0,true
option,-editendcmd,1,0,1,1,2,1,1,0,true
option,-edittypes,1,0,1,1,2,1,0,1,true
option,-enablecmdonkey,1,0,1,1,3,1,1,0,true
option,-encoding,1,0,1,1,3,1,1,0,true
option,-eofchar,1,0,1,1,3,1,1,0,true
option,-error,1,0,1,1,2,1,1,0,true
option,-errorcmd,1,0,1,1,5,1,1,0,true
option,-fast,1,0,1,1,3,1,1,0,true
option,-fg,1,0,1,1,5,1,1,0,true
option,-filecallback,1,0,1,1,2,1,1,0,true
option,-fileimage,1,0,1,1,2,1,1,0,true
option,-filepattern,1,0,1,1,2,1,1,0,true
option,-filetypes,1,0,1,1,2,1,1,0,true
option,-filter,1,0,1,1,5,1,1,0,true
option,-firstday,1,0,1,1,7,1,0,1,true
option,-focus,1,0,1,1,3,1,1,0,true
option,-foldall,1,0,1,1,2,1,1,0,true
option,-foldend,1,0,1,1,2,1,1,0,true
option,-foldkey,1,0,1,1,2,1,1,0,true
option,-foldstart,1,0,1,1,2,1,1,0,true
option,-framed,1,0,1,1,5,1,1,0,true
option,-from,1,0,1,1,5,1,1,0,true
option,-full-async-results,1,0,1,1,5,1,1,0,true
option,-glob,1,0,1,1,3,1,1,0,true
option,-grid,1,0,1,1,7,1,0,1,true
option,-grid-cell-command,1,0,1,1,5,1,1,0,true
option,-grid-cell-height,1,0,1,1,7,1,1,0,true
option,-grid-cell-width,1,0,1,1,7,1,1,0,true
option,-grid-show-borders,1,0,1,1,5,1,1,0,true
option,-highlight-cmd,1,0,1,1,5,1,1,0,true
option,-highlightcolor,1,0,1,1,5,1,1,0,true
option,-highlightcommand,1,0,1,1,2,1,1,0,true
option,-highlights,1,0,1,1,2,1,0,1,true
option,-hilitleft,1,0,1,1,3,1,1,0,true
option,-hilitright,1,0,1,1,3,1,1,0,true
option,-historycombo,1,0,1,1,2,1,1,0,true
option,-home,1,0,1,1,5,1,1,0,true
option,-host,1,0,1,1,3,1,1,0,true
option,-icon,1,0,1,1,2,1,1,0,true
option,-ignore,1,0,1,1,2,1,1,0,true
option,-image,1,0,1,1,5,1,1,0,true
option,-image-on-load,1,0,1,1,3,1,1,0,true
option,-image-on-unset,1,0,1,1,3,1,1,0,true
option,-inactiveselectbackground inactiveSelectBackground Foreground,1,0,1,1,7,1,1,0,true
option,-initdir,1,0,1,1,2,1,1,0,true
option,-initial-geo,1,0,1,1,5,1,1,0,true
option,-initial-zoom,1,0,1,1,5,1,1,0,true
option,-interval,1,0,1,1,7,1,0,1,true
option,-labelcolor,1,0,1,1,3,1,1,0,true
option,-labelfont,1,0,1,1,3,1,1,0,true
option,-labelwidget,1,0,1,1,5,1,1,0,true
option,-layout,1,0,1,1,2,1,1,0,true
option,-levels,1,0,1,1,7,1,1,0,true
option,-linecolor,1,0,1,1,3,1,1,0,true
option,-linethickness,1,0,1,1,5,1,1,0,true
option,-locked,1,0,1,1,5,1,1,0,true
option,-log,1,0,1,1,5,1,1,0,true
option,-loglevel,1,0,1,1,5,1,1,0,true
option,-majorticks,1,0,1,1,5,1,1,0,true
option,-maxiteration,1,0,1,1,2,1,1,0,true
option,-maxundo maxUndo MaxUndo,1,0,1,1,5,1,1,0,true
option,-measure,1,0,1,1,7,1,0,1,true
option,-menu,1,0,1,1,5,1,1,0,true
option,-minorticks,1,0,1,1,5,1,1,0,true
option,-modal,1,0,1,1,5,1,1,0,true
option,-needlecolor,1,0,1,1,3,1,1,0,true
option,-newkey,1,0,1,1,2,1,1,0,true
option,-nocase,1,0,1,1,5,1,1,0,true
option,-off,1,0,1,1,2,1,1,0,true
option,-on,1,0,1,1,2,1,1,0,true
option,-on-box-change,1,0,1,1,3,1,1,0,true
option,-on-event,1,0,1,1,5,1,1,0,true
option,-on-status-change,1,0,1,1,2,1,1,0,true
option,-on-track-change,1,0,1,1,5,1,1,0,true
option,-on-view-change,1,0,1,1,3,1,1,0,true
option,-openkey,1,0,1,1,2,1,1,0,true
option,-ordered,1,0,1,1,7,1,1,0,true
option,-orientation,1,0,1,1,5,1,1,0,true
option,-outline,1,0,1,1,7,1,0,1,true
option,-parent,1,0,1,1,5,1,1,0,true
option,-pincolor,1,0,1,1,3,1,1,0,true
option,-place,1,0,1,1,5,1,1,0,true
option,-port,1,0,1,1,3,1,1,0,true
option,-prefilter,1,0,1,1,5,1,1,0,true
option,-provider,1,0,1,1,5,1,1,0,true
option,-quitkey,1,0,1,1,2,1,1,0,true
option,-reflect,1,0,1,1,5,1,1,0,true
option,-regexp,1,0,1,1,3,1,1,0,true
option,-resize,1,0,1,1,7,1,0,1,true
option,-resizeseparator,1,0,1,1,7,1,0,1,true
option,-resolution,1,0,1,1,3,1,1,0,true
option,-rows,1,0,1,1,2,1,1,0,true
option,-safecolor,1,0,1,1,3,1,1,0,true
option,-savekey,1,0,1,1,2,1,1,0,true
option,-scale,1,0,1,1,5,1,1,0,true
option,-scalecolor,1,0,1,1,3,1,1,0,true
option,-scope,1,0,1,1,3,1,1,0,true
option,-scrollbar,1,0,1,1,7,1,0,1,true
option,-scrollregion,1,0,1,1,5,1,1,0,true
option,-segments,1,0,1,1,7,1,1,0,true
option,-selectbackground selectBackground Foreground,1,0,1,1,7,1,1,0,true
option,-servicename,1,0,1,1,3,1,1,0,true
option,-setup,1,0,1,1,2,1,1,0,true
option,-shadecolor,1,0,1,1,5,1,1,0,true
option,-showgeometry,1,0,1,1,5,1,1,0,true
option,-showpast,1,0,1,1,7,1,1,0,true
option,-showvalue,1,0,1,1,3,1,1,0,true
option,-showvalues,1,0,1,1,7,1,0,1,true
option,-sides,1,0,1,1,7,1,0,1,true
option,-sizelimit,1,0,1,1,3,1,1,0,true
option,-sizes,1,0,1,1,7,1,0,1,true
option,-skin-browse,1,0,1,1,5,1,1,0,true
option,-skin-down,1,0,1,1,5,1,1,0,true
option,-skin-img-browse,1,0,1,1,5,1,1,0,true
option,-skin-img-down,1,0,1,1,5,1,1,0,true
option,-skin-img-up,1,0,1,1,5,1,1,0,true
option,-skin-tip-browse,1,0,1,1,5,1,1,0,true
option,-skin-tip-down,1,0,1,1,5,1,1,0,true
option,-skin-tip-up,1,0,1,1,5,1,1,0,true
option,-skin-up,1,0,1,1,5,1,1,0,true
option,-sliderthickness,1,0,1,1,7,1,1,0,true
option,-sliderwidth,1,0,1,1,7,1,1,0,true
option,-slow,1,0,1,1,3,1,1,0,true
option,-socketcmd,1,0,1,1,3,1,1,0,true
option,-sorttypes,1,0,1,1,2,1,0,1,true
option,-state,1,0,1,1,5,1,1,0,true
option,-step,1,0,1,1,3,1,1,0,true
option,-strict,1,0,1,1,5,1,1,0,true
option,-string,1,0,1,1,5,1,1,0,true
option,-style,1,0,1,1,5,1,1,0,true
option,-synchronous,1,0,1,1,3,1,1,0,true
option,-tablesupport,1,0,1,1,3,1,1,0,true
option,-text,1,0,1,1,5,1,1,0,true
option,-textvariable textVariable Variable,1,0,1,1,5,1,1,0,true
option,-timelimit,1,0,1,1,3,1,1,0,true
option,-timeout,1,0,1,1,3,1,1,0,true
option,-titlecolor,1,0,1,1,3,1,1,0,true
option,-titlefont,1,0,1,1,3,1,1,0,true
option,-tlsoptions,1,0,1,1,3,1,1,0,true
option,-to,1,0,1,1,5,1,1,0,true
option,-toolbar,1,0,1,1,3,1,1,0,true
option,-toolcommand,1,0,1,1,2,1,1,0,true
option,-topmost,1,0,1,1,5,1,1,0,true
option,-transform,1,0,1,1,5,1,1,0,true
option,-transient,1,0,1,1,5,1,1,0,true
option,-translation,1,0,1,1,3,1,1,0,true
option,-troughwidth,1,0,1,1,7,1,1,0,true
option,-undo undo Undo,1,0,1,1,7,1,1,0,true
option,-utf8,1,0,1,1,3,1,1,0,true
option,-value,1,0,1,1,5,1,1,0,true
option,-var,1,0,1,1,2,1,1,0,true
option,-verbose,1,0,1,1,3,1,1,0,true
option,-viewport-command,1,0,1,1,5,1,1,0,true
option,-vtype,1,0,1,1,2,1,1,0,true
option,-warningcolor,1,0,1,1,3,1,1,0,true
option,-warninglevel,1,0,1,1,3,1,1,0,true
option,-wrap,1,0,1,1,5,1,0,1,true
option,-x,1,0,1,1,2,1,1,0,true
option,-xright,1,0,1,1,2,1,1,0,true
option,-ybottom,1,0,1,1,2,1,1,0,true
option,-ytop,1,0,1,1,2,1,1,0,true
pack,.addr,1,0,1,1,5,1,1,0,true
pack,.b,1,0,1,1,1,1,1,0,true
pack,.b.c,1,0,1,1,1,1,1,0,true
pack,.b.l,1,0,1,1,1,1,1,0,true
pack,.base.addr,1,0,1,1,5,1,1,0,true
pack,.base.f.lDate,1,0,1,1,7,1,1,0,true
pack,.base.id,1,0,1,1,5,1,1,0,true
pack,.base.num,1,0,1,1,5,1,1,0,true
pack,.bf,1,0,1,1,5,1,1,0,true
pack,.bottom,1,0,1,1,4,1,1,0,true
pack,.but,1,0,1,1,9,1,1,0,true
pack,.but.f,1,0,1,1,9,1,1,0,true
pack,.but.f.f1,1,0,1,1,11,1,1,0,true
pack,.but.f.f1.close,1,0,1,1,7,1,1,0,true
pack,.but.f.f1.save,1,0,1,1,7,1,1,0,true
pack,.but.f.f1.start,1,0,1,1,7,1,1,0,true
pack,.but.f.f1.stop,1,0,1,1,7,1,1,0,true
pack,.c1,1,0,1,1,7,1,1,0,true
pack,.c2,1,0,1,1,9,1,1,0,true
pack,.consoleframe,1,0,1,1,7,1,1,0,true
pack,.count,1,0,1,1,5,1,1,0,true
pack,.count.left,1,0,1,1,4,1,1,0,true
pack,.cp.grd,1,0,1,1,5,1,1,0,true
pack,.cp.tog,1,0,1,1,9,1,1,0,true
pack,.cp.tog.off,1,0,1,1,7,1,1,0,true
pack,.cp.ttl,1,0,1,1,9,1,1,0,true
pack,.d,1,0,1,1,8,1,1,0,true
pack,.desc,1,0,1,1,1,1,1,0,true
pack,.dipole.c,1,0,1,1,5,1,1,0,true
pack,.em.fr,1,0,1,1,5,1,1,0,true
pack,.f.b,1,0,1,1,5,1,1,0,true
pack,.f.e1,1,0,1,1,7,1,1,0,true
pack,.f.e2,1,0,1,1,7,1,1,0,true
pack,.f.l1,1,0,1,1,5,1,1,0,true
pack,.f.l2,1,0,1,1,5,1,1,0,true
pack,.f.lDate,1,0,1,1,7,1,1,0,true
pack,.f.x,1,0,1,1,5,1,1,0,true
pack,.f2,1,0,1,1,5,1,1,0,true
pack,.f3,1,0,1,1,5,1,1,0,true
pack,.fcontrol,1,0,1,1,3,1,1,0,true
pack,.fcontrol.cancel,1,0,1,1,5,1,1,0,true
pack,.fcontrol.finst,1,0,1,1,5,1,1,0,true
pack,.focus.e,1,0,1,1,1,1,1,0,true
pack,.functions,1,0,1,1,1,1,1,0,true
pack,.h,1,0,1,1,5,1,1,0,true
pack,.h3.c,1,0,1,1,3,1,1,0,true
pack,.help.bouton,1,0,1,1,3,1,1,0,true
pack,.help.licence,1,0,1,1,3,1,1,0,true
pack,.help2,1,0,1,1,7,1,1,0,true
pack,.id,1,0,1,1,5,1,1,0,true
pack,.installPath,1,0,1,1,3,1,1,0,true
pack,.lab,1,0,1,1,7,1,1,0,true
pack,.lab1,1,0,1,1,5,1,1,0,true
pack,.lipath,1,0,1,1,3,1,1,0,true
pack,.listauto,1,0,1,1,5,1,1,0,true
pack,.logbuttons,1,0,1,1,1,1,1,0,true
pack,.mon,1,0,1,1,3,1,1,0,true
pack,.msg,1,0,1,1,9,1,1,0,true
pack,.msg.f,1,0,1,1,9,1,1,0,true
pack,.msg.f.f1,1,0,1,1,11,1,1,0,true
pack,.msg.f.f1.l,1,0,1,1,11,1,1,0,true
pack,.msg.f.f1.minus,1,0,1,1,9,1,1,0,true
pack,.msg.f.f1.plus,1,0,1,1,11,1,1,0,true
pack,.msg.f.f2,1,0,1,1,9,1,1,0,true
pack,.msg.f.f2.label,1,0,1,1,9,1,1,0,true
pack,.msg.f.f2.text,1,0,1,1,9,1,1,0,true
pack,.msg.f.f2.xscroll,1,0,1,1,7,1,1,0,true
pack,.msg.f.f2.yscroll,1,0,1,1,7,1,1,0,true
pack,.msgauto,1,0,1,1,3,1,1,0,true
pack,.n,1,0,1,1,11,1,1,0,true
pack,.num,1,0,1,1,5,1,1,0,true
pack,.op,1,0,1,1,7,1,1,0,true
pack,.op.f,1,0,1,1,7,1,1,0,true
pack,.op.f.f1,1,0,1,1,7,1,1,0,true
pack,.op.f.f1.directory,1,0,1,1,9,1,1,0,true
pack,.op.f.f1.directory.e,1,0,1,1,7,1,1,0,true
pack,.op.f.f1.directory.l,1,0,1,1,7,1,1,0,true
pack,.op.f.f1.l,1,0,1,1,7,1,1,0,true
pack,.op.f.f1.password,1,0,1,1,9,1,1,0,true
pack,.op.f.f1.password.e,1,0,1,1,7,1,1,0,true
pack,.op.f.f1.password.l,1,0,1,1,7,1,1,0,true
pack,.op.f.f1.port,1,0,1,1,9,1,1,0,true
pack,.op.f.f1.port.e,1,0,1,1,7,1,1,0,true
pack,.op.f.f1.port.l,1,0,1,1,7,1,1,0,true
pack,.op.f.f1.server,1,0,1,1,9,1,1,0,true
pack,.op.f.f1.server.e,1,0,1,1,7,1,1,0,true
pack,.op.f.f1.server.l,1,0,1,1,7,1,1,0,true
pack,.op.f.f1.username,1,0,1,1,9,1,1,0,true
pack,.op.f.f1.username.e,1,0,1,1,7,1,1,0,true
pack,.op.f.f1.username.l,1,0,1,1,7,1,1,0,true
pack,.op.f.f2,1,0,1,1,9,1,1,0,true
pack,.op.f.f2.active,1,0,1,1,9,1,1,0,true
pack,.op.f.f2.debug,1,0,1,1,9,1,1,0,true
pack,.op.f.f2.l1,1,0,1,1,7,1,1,0,true
pack,.op.f.f2.l2,1,0,1,1,7,1,1,0,true
pack,.op.f.f2.loops,1,0,1,1,9,1,1,0,true
pack,.op.f.f2.loops.e,1,0,1,1,7,1,1,0,true
pack,.op.f.f2.loops.l,1,0,1,1,7,1,1,0,true
pack,.op.f.f2.passive,1,0,1,1,9,1,1,0,true
pack,.op.f.f2.verbose,1,0,1,1,9,1,1,0,true
pack,.op.f.f3,1,0,1,1,11,1,1,0,true
pack,.op.f.f3.l1,1,0,1,1,7,1,1,0,true
pack,.op.f.f3.v0,1,0,1,1,11,1,1,0,true
pack,.op.f.f3.v0.name,1,0,1,1,7,1,1,0,true
pack,.op.f.f3.v0.value,1,0,1,1,7,1,1,0,true
pack,.op.f.f3.v1,1,0,1,1,11,1,1,0,true
pack,.op.f.f3.v1.name,1,0,1,1,7,1,1,0,true
pack,.op.f.f3.v1.value,1,0,1,1,7,1,1,0,true
pack,.op.f.f3.v2,1,0,1,1,11,1,1,0,true
pack,.op.f.f3.v2.name,1,0,1,1,7,1,1,0,true
pack,.op.f.f3.v2.value,1,0,1,1,7,1,1,0,true
pack,.op.f.f3.v4,1,0,1,1,11,1,1,0,true
pack,.op.f.f3.v4.name,1,0,1,1,7,1,1,0,true
pack,.op.f.f3.v4.value,1,0,1,1,9,1,1,0,true
pack,.op.f.sep1,1,0,1,1,11,1,1,0,true
pack,.op.f.sep1.f,1,0,1,1,7,1,1,0,true
pack,.op.f.sep2,1,0,1,1,11,1,1,0,true
pack,.op.f.sep2.f,1,0,1,1,7,1,1,0,true
pack,.ord,1,0,1,1,7,1,1,0,true
pack,.pack.bottom,1,0,1,1,3,1,1,0,true
pack,.pack.c,1,0,1,1,3,1,1,0,true
pack,.pack.right,1,0,1,1,3,1,1,0,true
pack,.rchart.c,1,0,1,1,5,1,1,0,true
pack,.sb,1,0,1,1,11,1,1,0,true
pack,.send,1,0,1,1,5,1,1,0,true
pack,.sl,1,0,1,1,11,1,1,0,true
pack,.stack,1,0,1,1,1,1,1,0,true
pack,.status,1,0,1,1,7,1,1,0,true
pack,.status.head,1,0,1,1,7,1,1,0,true
pack,.status.head.label,1,0,1,1,13,1,1,0,true
pack,.t.default,1,0,1,1,8,1,1,0,true
pack,.t.f.c,1,0,1,1,1,1,1,0,true
pack,.t.file,1,0,1,1,11,1,1,0,true
pack,.t.h,1,0,1,1,5,1,1,0,true
pack,.t.justify-left,1,0,1,1,7,1,1,0,true
pack,.t.levels,1,0,1,1,3,1,1,0,true
pack,.t.mid,1,0,1,1,11,1,1,0,true
pack,.t.stipple,1,0,1,1,9,1,1,0,true
pack,.t.t,1,0,1,1,5,1,1,0,true
pack,.t.top.l,1,0,1,1,8,1,1,0,true
pack,.t.top.rect,1,0,1,1,14,1,1,0,true
pack,.t.v,1,0,1,1,5,1,1,0,true
pack,.t.visuals,1,0,1,1,3,1,1,0,true
pack,.t2.c,1,0,1,1,4,1,1,0,true
pack,.t2.f,1,0,1,1,3,1,1,0,true
pack,.t2.m,1,0,1,1,5,1,1,0,true
pack,.t2.quit,1,0,1,1,9,1,1,0,true
pack,.test,1,0,1,1,1,1,1,0,true
pack,.tf,1,0,1,1,5,1,1,0,true
pack,.title,1,0,1,1,3,1,1,0,true
pack,.top.t,1,0,1,1,1,1,1,0,true
pack,.v,1,0,1,1,5,1,1,0,true
pack,.view,1,0,1,1,9,1,1,0,true
pack,.view.conn,1,0,1,1,9,1,1,0,true
pack,.view.conn.check,1,0,1,1,5,1,1,0,true
pack,.view.conn.lab1,1,0,1,1,9,1,1,0,true
pack,.view.conn.led1,1,0,1,1,9,1,1,0,true
pack,.view.dummy,1,0,1,1,11,1,1,0,true
pack,.view.line,1,0,1,1,11,1,1,0,true
pack,.view.local,1,0,1,1,11,1,1,0,true
pack,.view.local.buttons,1,0,1,1,7,1,1,0,true
pack,.view.local.buttons.transfer,1,0,1,1,7,1,1,0,true
pack,.view.local.list,1,0,1,1,9,1,1,0,true
pack,.view.local.status,1,0,1,1,7,1,1,0,true
pack,.view.local.status.label,1,0,1,1,5,1,1,0,true
pack,.view.local.status.mark,1,0,1,1,5,1,1,0,true
pack,.view.local.status.use,1,0,1,1,5,1,1,0,true
pack,.view.local.xscroll,1,0,1,1,7,1,1,0,true
pack,.view.local.yscroll,1,0,1,1,7,1,1,0,true
pack,.view.remote,1,0,1,1,11,1,1,0,true
pack,.view.remote.buttons,1,0,1,1,7,1,1,0,true
pack,.view.remote.buttons.delete,1,0,1,1,7,1,1,0,true
pack,.view.remote.list,1,0,1,1,9,1,1,0,true
pack,.view.remote.status,1,0,1,1,7,1,1,0,true
pack,.view.remote.status.label,1,0,1,1,5,1,1,0,true
pack,.view.remote.status.mark,1,0,1,1,5,1,1,0,true
pack,.view.remote.status.use,1,0,1,1,5,1,1,0,true
pack,.view.remote.xscroll,1,0,1,1,7,1,1,0,true
pack,.view.remote.yscroll,1,0,1,1,7,1,1,0,true
pack,content,1,1,0,1,2,1,0,1,true
pack,info,1,1,0,1,2,1,0,1,true
pack,slaves,1,1,0,1,2,1,0,1,true
package,vcompare,1,1,0,1,3,1,0,1,true
package,version,1,1,0,1,2,1,0,1,true
panedwindow,.p,1,0,1,1,1,1,1,0,true
place,.raise.a,1,0,1,1,9,1,1,0,true
place,.raise.b,1,0,1,1,9,1,1,0,true
place,.raise.c,1,0,1,1,9,1,1,0,true
place,.raise.d,1,0,1,1,9,1,1,0,true
place,.raise.e,1,0,1,1,9,1,1,0,true
place,.t.anchor-center,1,0,1,1,11,1,1,0,true
place,.t.anchor-e,1,0,1,1,11,1,1,0,true
place,.t.anchor-n,1,0,1,1,11,1,1,0,true
place,.t.anchor-ne,1,0,1,1,11,1,1,0,true
place,.t.anchor-nw,1,0,1,1,11,1,1,0,true
place,.t.anchor-s,1,0,1,1,11,1,1,0,true
place,.t.anchor-se,1,0,1,1,11,1,1,0,true
place,.t.anchor-sw,1,0,1,1,11,1,1,0,true
place,.t.anchor-w,1,0,1,1,11,1,1,0,true
place,.t.f,1,0,1,1,5,1,1,0,true
place,.t.f.f,1,0,1,1,7,1,1,0,true
place,.z,1,0,1,1,9,1,1,0,true
place,content,1,1,0,1,2,1,0,1,true
platform::identify,,1,1,0,1,0,1,1,0,true
platform::patterns,,1,1,0,1,1,1,0,1,true
report::report,,1,1,0,1,4,1,0,1,true
struct::list,iota,1,1,0,1,2,1,0,1,true
struct::list,reverse,1,1,0,1,2,1,0,1,true
struct::queue,,1,1,0,1,1,1,1,0,true
struct::set,symdiff,1,1,0,1,3,1,0,1,true
tar::create,,1,0,1,1,2,1,1,0,true
tcl::chan::variable,,1,1,0,1,1,1,1,0,true
tclPkgSetup,,1,0,1,1,4,1,0,1,true
tclPkgUnknown,,1,0,1,1,2,1,1,0,true
tcl_endOfWord,,1,1,0,1,2,1,0,1,true
tcl_startOfNextWord,,1,1,0,1,2,1,0,1,true
tcl_startOfPreviousWord,,1,1,0,1,2,1,0,1,true
tcl_wordBreakAfter,,1,1,0,1,2,1,0,1,true
tcl_wordBreakBefore,,1,1,0,1,2,1,0,1,true
tcltest::loadTestedCommands,,1,0,1,1,0,1,1,0,true
tcltest::runAllTests,,1,0,1,1,0,1,1,0,true
tcltest::verbose,,1,0,1,1,1,1,1,0,true
text,,1,0,1,1,0,1,1,0,true
text,.__ctextTemp,1,1,0,1,1,1,1,0,true
text,.code,1,0,1,1,5,1,1,0,true
text,.console,1,1,0,1,11,1,0,1,true
text,.dlg.txt,1,0,1,1,3,1,1,0,true
text,.help.licence.t,1,0,1,1,3,1,1,0,true
text,.left,1,1,0,1,1,1,1,0,true
text,.log,1,1,0,1,11,1,1,0,true
text,.log.text,1,0,1,1,5,1,0,1,true
text,.mod.right.about,1,0,1,1,13,1,1,0,true
text,.mod.right.details,1,0,1,1,13,1,1,0,true
text,.msg.f.f2.text,1,0,1,1,21,1,1,0,true
text,.right,1,1,0,1,1,1,1,0,true
text,.rightside.code,1,1,0,1,17,1,1,0,true
text,.t.t,1,0,1,1,19,1,1,0,true
text,.test,1,0,1,1,9,1,1,0,true
text,.top.t,1,0,1,1,5,1,1,0,true
textutil::adjust::undent,,1,0,1,1,1,1,0,1,true
textutil::blank,,1,1,0,1,1,1,0,1,true
textutil::string::uncap,,1,0,1,1,1,1,0,1,true
textutil::undent,,1,1,0,1,1,1,0,1,true
tk,sysnotify,1,0,1,1,3,1,1,0,true
trace,,1,0,1,1,1,1,1,0,true
trace,Search Response Continue,1,0,1,1,1,1,1,0,true
trace,Search Response Done,1,0,1,1,1,1,1,0,true
trace,Search Result Reference,1,0,1,1,1,1,1,0,true
trace,vinfo,1,1,0,1,2,1,0,1,true
ttk::notebook,.n,1,0,1,1,1,1,1,0,true
ttk::sizegrip,,1,1,0,1,1,1,0,1,true
ttk::treeview,.fp,1,1,0,1,1,1,1,0,true
ttk::treeview,.tv3,1,1,0,1,5,1,0,1,true
uevent::bind,,1,0,1,1,3,1,1,0,true
winfo,visual,1,1,0,1,2,1,1,0,true
wm,attribute,1,0,1,1,4,1,0,1,true
wm,forget,1,0,1,1,2,1,0,1,true
wm,grid,1,1,0,1,2,1,0,1,true
wm,iconify,1,0,1,1,2,1,0,1,true
wm,maxsize,1,0,1,1,4,1,0,1,true
wm,stackorder,1,1,0,1,2,1,0,1,true
wm,state,1,0,1,1,3,1,0,1,true
yaml::yaml2dict,,1,1,0,1,1,1,0,1,true
zipfile::decode::unzip,,1,0,1,1,2,1,0,1,true
zlib,crc32,1,1,0,1,3,1,0,1,true
zlib,decompress,1,1,0,1,2,1,0,1,true
